,attention,shap_global,att_rank,shap_rank,rank_diff
NAME_CONTRACT_TYPE_Revolving loans,0.2909287399760266,0.0054424676519440295,1,7,6
EXT_SOURCE_2,0.1262531970472531,0.04199573202800186,2,2,0
YEARS_BUILD_MODE,0.1189669329156493,0.0002985507055589098,3,155,152
EXT_SOURCE_3,0.0931641466048148,0.07360776850747056,4,1,3
NAME_EDUCATION_TYPE_Higher education,0.0671488852847308,0.005885505641271718,5,5,0
CODE_GENDER_M,0.064652403931177,0.002983407624588704,6,11,5
FLAG_OWN_CAR_Y,0.0636730465836484,0.0024446373413414568,7,15,8
FLAG_DOCUMENT_20,0.0359013649105947,0.0,8,195,187
FONDKAPREMONT_MODE_org spec account,0.0346399783870299,0.00032900085521347824,9,150,141
FONDKAPREMONT_MODE_reg oper spec account,0.0201012110819655,0.0007159581150233026,10,72,62
DAYS_EMPLOYED,0.0185740605013426,0.00346694183272495,11,9,2
ORGANIZATION_TYPE_TE,0.0089203950825628,0.00304121822035726,12,10,2
DAYS_ID_PUBLISH,0.0069857757608492,0.002550443785864215,13,13,0
OCCUPATION_TYPE_TE,0.006856215653802,0.0012981637410307435,14,26,12
FLAG_DOCUMENT_17,0.006350482454093,0.0,15,195,180
CNT_CHILDREN,0.0046127756854834,0.0003403066464698658,16,143,127
NAME_EDUCATION_TYPE_Incomplete higher,0.0039895163882112,0.0006260573815227943,17,88,71
FLAG_DOCUMENT_11,0.0026242947802403,0.0,18,195,177
YEARS_BEGINEXPLUATATION_AVG,0.0023927104360113,0.00040727589223588746,19,130,111
WALLSMATERIAL_MODE_MISSING_FLAG,0.0023499099054009,0.0007783839477893367,20,62,42
HOUSETYPE_MODE_block of flats,0.0023359790866473,0.0,21,195,174
NAME_EDUCATION_TYPE_Lower secondary,0.0021559334128631,0.0,22,195,173
NAME_FAMILY_STATUS_Married,0.0020089094869195,0.000899978313025047,23,46,23
FONDKAPREMONT_MODE_not specified,0.001988285912883,0.0005068883027690781,24,109,85
NAME_INCOME_TYPE_Working,0.0013594121829873,0.00036982936031152276,25,135,110
AMT_REQ_CREDIT_BUREAU_WEEK,0.0013327212775548,0.00117930596866041,26,27,1
NAME_TYPE_SUITE_Unaccompanied,0.0010367715920975,0.0006434724713477567,27,85,58
DAYS_BIRTH,0.0009784103885855,0.0017346091765730823,28,18,10
YEARS_BEGINEXPLUATATION_MEDI,0.0008987066360113,0.0009725342419822651,29,38,9
APARTMENTS_AVG,0.0007615465705172,0.0007653364909283971,30,63,33
AMT_CREDIT,0.0007514058624908,0.0019021466385447808,31,17,14
LIVINGAPARTMENTS_AVG,0.0006050614337234,0.0007627998033016792,32,64,32
FLOORSMAX_MEDI,0.0006011011346273,0.0011298927370539105,33,32,1
NAME_INCOME_TYPE_Businessman,0.0005466457030608,0.0,34,195,161
LIVE_CITY_NOT_WORK_CITY,0.0003511868485993,0.0003339157522229722,35,146,111
TOTALAREA_MODE,0.0003473546199817,0.00045130255936878734,36,121,85
NAME_INCOME_TYPE_Commercial associate,0.0003163574892402,0.000688118693371517,37,76,39
LANDAREA_MODE,0.0002408848742584,0.0005610280461781534,38,101,63
WEEKDAY_APPR_PROCESS_START_SUNDAY,0.0002337545098974,0.0010031705903922603,39,35,4
FONDKAPREMONT_MODE_MISSING_FLAG,0.000224790280866,0.000754523577488884,40,65,25
WALLSMATERIAL_MODE_Panel,0.0002109738635535,0.0008904557631731673,41,47,6
APARTMENTS_MEDI,0.0001973639563223,0.00036410872671298284,42,137,95
AMT_REQ_CREDIT_BUREAU_MON,0.0001655766659671,0.00045664870122197093,43,120,77
FLAG_DOCUMENT_7,0.0001569278520082,0.0,44,195,151
LIVINGAPARTMENTS_MODE,0.0001513016277747,0.0007827579675148033,45,60,15
FLAG_DOCUMENT_4,0.0001056029599101,0.0,46,195,149
NAME_FAMILY_STATUS_Unknown,8.803994586353852e-05,0.0,47,195,148
LIVINGAPARTMENTS_AVG_MISSING_FLAG,7.670459092168804e-05,0.0006899290161950585,48,75,27
FLAG_DOCUMENT_15,6.906225045509297e-05,0.0,49,195,146
WEEKDAY_APPR_PROCESS_START_THURSDAY,6.787999629878092e-05,0.0005572326506574056,50,102,52
FLAG_OWN_CAR_N,6.465903414832842e-05,0.001158120839835512,51,30,21
WEEKDAY_APPR_PROCESS_START_TUESDAY,5.650081225557876e-05,0.0004848346714605194,52,114,62
COMMONAREA_MODE_MISSING_FLAG,4.4776852746875554e-05,0.000851007681542725,53,50,3
EMERGENCYSTATE_MODE_No,3.298015760859133e-05,0.0,54,195,141
WEEKDAY_APPR_PROCESS_START_FRIDAY,3.056354767868366e-05,0.0005932134427555808,55,95,40
OBS_60_CNT_SOCIAL_CIRCLE,2.941173073330546e-05,0.0002050381964120166,56,170,114
FLOORSMIN_MODE,2.9150484556694232e-05,0.00033281394348765286,57,147,90
COMMONAREA_AVG_MISSING_FLAG,2.631482082528312e-05,0.0003985432045249175,58,132,74
"WALLSMATERIAL_MODE_Stone, brick",2.0117562988252948e-05,0.00047369841623566317,59,117,58
APARTMENTS_MODE,1.972046491449774e-05,0.0005681059280245817,60,97,37
NAME_TYPE_SUITE_Other_B,1.9076040330566294e-05,0.0,61,195,134
REGION_RATING_CLIENT,1.4969107135585028e-05,0.0004982905019634029,62,110,48
NAME_FAMILY_STATUS_Civil marriage,1.4597243873917852e-05,0.00035928679440589193,63,139,76
ENTRANCES_MEDI,1.2395842061276377e-05,0.0004694554206915144,64,118,54
NONLIVINGAREA_AVG,9.900556267001305e-06,0.0001217608750002491,65,174,109
NAME_HOUSING_TYPE_Co-op apartment,9.71461178315868e-06,0.00011253310769378965,66,175,109
NONLIVINGAPARTMENTS_AVG_MISSING_FLAG,8.858092807460946e-06,0.0010091217580299196,67,34,33
FLAG_DOCUMENT_13,7.906081652456086e-06,0.0,68,195,127
FLAG_DOCUMENT_2,7.561599174271514e-06,0.0,69,195,126
LIVINGAPARTMENTS_MEDI_MISSING_FLAG,7.445790761703656e-06,0.0007511935473849603,70,66,4
NONLIVINGAREA_MODE_MISSING_FLAG,6.661581542193862e-06,0.0003856751654784866,71,134,63
NAME_FAMILY_STATUS_Widow,5.3017638628808586e-06,0.0009481977746422534,72,40,32
NAME_INCOME_TYPE_Pensioner,4.849440147351072e-06,0.0004877584442795074,73,112,39
NONLIVINGAREA_AVG_MISSING_FLAG,4.774534396919156e-06,0.0005568755405379601,74,103,29
REG_REGION_NOT_LIVE_REGION,4.459127342042781e-06,0.0006753309176479652,75,80,5
WEEKDAY_APPR_PROCESS_START_MONDAY,4.1405443866405164e-06,0.0006109072183872901,76,91,15
NAME_HOUSING_TYPE_With parents,4.137568115006894e-06,0.0002410521821754309,77,166,89
BASEMENTAREA_MODE_MISSING_FLAG,3.851930181795882e-06,0.00028822250259372107,78,159,81
LANDAREA_AVG_MISSING_FLAG,3.5010935219519997e-06,0.000589863021823063,79,96,17
FLAG_DOCUMENT_9,3.381713568736175e-06,0.0,80,195,115
NONLIVINGAPARTMENTS_MEDI_MISSING_FLAG,2.8616720835821333e-06,0.0009194644320145524,81,42,39
LIVINGAREA_MODE,2.721859533068476e-06,0.00048350705331037623,82,115,33
FLAG_DOCUMENT_8,2.445786534119829e-06,0.0007239716782085023,83,71,12
ELEVATORS_AVG_MISSING_FLAG,2.1160636609347164e-06,0.0006669093657291017,84,82,2
COMMONAREA_AVG,1.820175457298828e-06,0.0005643738968366044,85,99,14
LIVINGAREA_MEDI_MISSING_FLAG,1.7746748736704492e-06,0.0006179760100862247,86,89,3
NAME_TYPE_SUITE_Other_A,1.7589334120136468e-06,0.0,87,195,108
WALLSMATERIAL_MODE_Block,1.6654014643393434e-06,0.0004378836263095077,88,124,36
ELEVATORS_MEDI,1.594390522752197e-06,0.00035787194072558267,89,140,51
DAYS_REGISTRATION,1.587333211632334e-06,0.0006978715593848622,90,74,16
AMT_REQ_CREDIT_BUREAU_QRT,1.2208902028357838e-06,0.0015492950260321931,91,23,68
AMT_INCOME_TOTAL,1.0792669274214137e-06,0.00047411172164702647,92,116,24
REGION_RATING_CLIENT_W_CITY,1.078427331171116e-06,0.0023608942646783943,93,16,77
NONLIVINGAPARTMENTS_AVG,9.76835916018813e-07,0.0005668445158220943,94,98,4
YEARS_BUILD_MEDI_MISSING_FLAG,9.204054227556202e-07,0.0008213169404104009,95,53,42
APARTMENTS_MEDI_MISSING_FLAG,8.843142338978612e-07,0.0006362182293844078,96,87,9
FLAG_DOCUMENT_3,7.595978844839053e-07,0.0024995017600262094,97,14,83
WALLSMATERIAL_MODE_Mixed,6.808810314081766e-07,0.0,98,195,97
REGION_POPULATION_RELATIVE,6.384372078308675e-07,0.00014057425411254204,99,172,73
ENTRANCES_AVG_MISSING_FLAG,6.216656452799856e-07,0.0003302875838034973,100,148,48
LANDAREA_AVG,5.781034981481576e-07,0.0006808188146966869,101,78,23
DAYS_LAST_PHONE_CHANGE,5.662071305056465e-07,0.0010264037398487699,102,33,69
EMERGENCYSTATE_MODE_Yes,5.650173249239962e-07,0.0,103,195,92
LIVINGAREA_MODE_MISSING_FLAG,5.506927067538344e-07,0.000526226533490062,104,107,3
FLOORSMAX_MODE,4.657946956625025e-07,0.0004388563739054928,105,123,18
NONLIVINGAPARTMENTS_MEDI,4.074323002612644e-07,0.0006802373544502927,106,79,27
WALLSMATERIAL_MODE_Others,3.757351122021764e-07,0.0004151698414431711,107,128,21
BASEMENTAREA_AVG_MISSING_FLAG,3.7544877700811204e-07,0.000392115256491107,108,133,25
CODE_GENDER_XNA,3.592409226881328e-07,0.0,109,195,86
FLAG_PHONE,3.427995066348207e-07,0.0008162884646808287,110,54,56
FLAG_DOCUMENT_6,3.312965952992542e-07,0.0008113058687402947,111,55,56
EXT_SOURCE_3_MISSING_FLAG,3.081335377810079e-07,0.002558575351448542,112,12,100
CODE_GENDER_F,2.8677508779058344e-07,0.0004639596161256241,113,119,6
ENTRANCES_MODE_MISSING_FLAG,2.686116016471724e-07,0.000528192617989353,114,106,8
DEF_30_CNT_SOCIAL_CIRCLE,2.592814736016396e-07,0.0011619779041455898,115,29,86
NAME_HOUSING_TYPE_Municipal apartment,2.300032624357317e-07,8.26860902289003e-05,116,176,60
COMMONAREA_MODE,2.020413690905135e-07,0.0005439106527360932,117,104,13
"NAME_TYPE_SUITE_Spouse, partner",1.9942351326472954e-07,0.0003564308753176803,118,141,23
FLOORSMIN_MEDI_MISSING_FLAG,1.7875785391472185e-07,0.0007389829920862259,119,68,51
AMT_GOODS_PRICE,1.6998820247585937e-07,0.008835992179859451,120,4,116
NONLIVINGAPARTMENTS_MODE,1.3892566674323717e-07,0.0009430904579213492,121,41,80
NONLIVINGAREA_MEDI,1.254985799175015e-07,0.00024467757781389406,122,165,43
FLAG_EMAIL,1.2064473047621416e-07,0.000293288777893951,123,157,34
FLAG_DOCUMENT_21,1.1686624767730093e-07,0.0,124,195,71
FLAG_OWN_REALTY_N,1.1566966789490369e-07,0.0008062148450449798,125,56,69
REG_REGION_NOT_WORK_REGION,1.0580124451843613e-07,0.00036200449232945777,126,138,12
NAME_HOUSING_TYPE_Office apartment,1.0129678728364809e-07,0.0002990656329714138,127,154,27
FLOORSMIN_AVG_MISSING_FLAG,8.125586874910979e-08,0.0003179101292564495,128,152,24
COMMONAREA_MEDI,6.797873020793665e-08,0.0004933883509053052,129,111,18
BASEMENTAREA_MODE,5.53443415039292e-08,0.0005627256329322237,130,100,30
NAME_TYPE_SUITE_Family,5.0971261873570265e-08,0.0005976172738978129,131,93,38
NAME_TYPE_SUITE_Children,4.369631070870776e-08,0.0,132,195,63
YEARS_BUILD_AVG_MISSING_FLAG,3.870445751673099e-08,0.0008362634849504604,133,52,81
NAME_FAMILY_STATUS_Single / not married,3.808193739252271e-08,0.00042448521820553936,134,126,8
LIVINGAREA_AVG,2.9873111633849926e-08,0.0002248646417628243,135,168,33
YEARS_BUILD_AVG,2.6349067147792868e-08,0.0003157163252907882,136,153,17
BASEMENTAREA_AVG,2.1230724567250492e-08,0.0006173986144201969,137,90,47
HOUR_APPR_PROCESS_START,1.6760337792759236e-08,0.00042368480377438637,138,127,11
ELEVATORS_MEDI_MISSING_FLAG,1.4252226116365357e-08,0.00032718699073283635,139,151,12
ENTRANCES_MEDI_MISSING_FLAG,1.3715549811885165e-08,0.0003357021174338847,140,145,5
YEARS_BUILD_MEDI,1.2903504902044293e-08,0.0006410754930296551,141,86,55
FLAG_EMP_PHONE,1.1504894438686285e-08,0.0004434275344007179,142,122,20
NAME_EDUCATION_TYPE_Academic degree,1.1279564775575768e-08,0.0,143,195,52
FLAG_DOCUMENT_19,9.702834370242992e-09,0.0,144,195,51
NAME_INCOME_TYPE_Maternity leave,5.303391787854676e-09,0.0,145,195,50
FLAG_DOCUMENT_5,4.502512914007396e-09,0.00040331435336862266,146,131,15
OWN_CAR_AGE,3.855089556835514e-09,0.0017190777690538467,147,19,128
APARTMENTS_AVG_MISSING_FLAG,3.787622649461036e-09,0.0009068144160075372,148,44,104
LIVINGAPARTMENTS_MEDI,3.149831673899594e-09,0.0008885358249709624,149,48,101
FLAG_DOCUMENT_16,2.374168865653672e-09,0.0016963879854193337,150,20,130
LIVINGAREA_MEDI,1.7488854755882091e-09,0.0009021633630280149,151,45,106
LANDAREA_MEDI,9.095548376900701e-10,0.00026426233500319014,152,163,11
FLAG_DOCUMENT_10,7.511193651998053e-10,0.0,153,195,42
ELEVATORS_MODE,5.599968738834104e-10,0.0007005148926494168,154,73,81
FLAG_DOCUMENT_18,1.8565414070475877e-10,0.0,155,195,40
REG_CITY_NOT_WORK_CITY,1.8108179862656248e-10,0.00033716708227186947,156,144,12
ELEVATORS_AVG,1.5795366959161718e-10,0.0006751408023051241,157,81,76
COMMONAREA_MEDI_MISSING_FLAG,1.5490882412015647e-10,0.0002852634548758769,158,161,3
WEEKDAY_APPR_PROCESS_START_SATURDAY,1.1055216915199591e-10,0.001173372475232823,159,28,131
EXT_SOURCE_2_MISSING_FLAG,4.784578641364883e-11,0.001360049960642648,160,24,136
APARTMENTS_MODE_MISSING_FLAG,7.884730257318609e-15,0.0004250056073627503,161,125,36
EXT_SOURCE_1_MISSING_FLAG,0.0,0.005847977156758032,188,6,182
FLAG_MOBIL,0.0,0.0,188,195,7
AMT_REQ_CREDIT_BUREAU_YEAR,0.0,0.0009956631916648718,188,36,152
BASEMENTAREA_MEDI_MISSING_FLAG,0.0,0.0008384786323313319,188,51,137
BASEMENTAREA_MEDI,0.0,0.00032976013033602703,188,149,39
AMT_ANNUITY,0.0,0.00500157966996126,188,8,180
AMT_REQ_CREDIT_BUREAU_DAY,0.0,0.0,188,195,7
FLAG_DOCUMENT_12,0.0,0.0,188,195,7
EXT_SOURCE_1,0.0,0.020950721999270453,188,3,185
FLAG_CONT_MOBILE,0.0,0.0,188,195,7
FLAG_DOCUMENT_14,0.0,0.0,188,195,7
ENTRANCES_AVG,0.0,0.0011437461146735113,188,31,157
ENTRANCES_MODE,0.0,0.0007455217540864702,188,67,121
ELEVATORS_MODE_MISSING_FLAG,0.0,0.0009947805442901084,188,37,151
EMPLOYED_FLAG,0.0,0.000602662076716284,188,92,96
CNT_FAM_MEMBERS,0.0,0.0016102582910709682,188,22,166
DEF_60_CNT_SOCIAL_CIRCLE,0.0,0.00029359842483772376,188,156,32
AMT_REQ_CREDIT_BUREAU_HOUR,0.0,0.0,188,195,7
FLAG_OWN_REALTY_Y,0.0,0.00021820683111631697,188,169,19
FLOORSMIN_AVG,0.0,0.00023710545060974446,188,167,21
FLOORSMIN_MEDI,0.0,0.0007997581296982772,188,58,130
NAME_HOUSING_TYPE_Rented apartment,0.0,0.0,188,195,7
NAME_HOUSING_TYPE_House / apartment,0.0,0.0007261093241722858,188,70,118
NAME_EDUCATION_TYPE_Secondary / secondary special,0.0,0.0003436253542984405,188,142,46
NAME_FAMILY_STATUS_Separated,0.0,0.000908819396837409,188,43,145
LIVINGAREA_AVG_MISSING_FLAG,0.0,0.0005315088660884848,188,105,83
LIVINGAPARTMENTS_MODE_MISSING_FLAG,0.0,0.0013551021556906708,188,25,163
NAME_CONTRACT_TYPE_Cash loans,0.0,0.0006436158701515414,188,84,104
FLAG_WORK_PHONE,0.0,0.0008807859132117932,188,49,139
FLOORSMIN_MODE_MISSING_FLAG,0.0,0.0007787997861355776,188,61,127
HOUSETYPE_MODE_specific housing,0.0,0.0,188,195,7
HOUSETYPE_MODE_MISSING_FLAG,0.0,0.00028723525178755147,188,160,28
FONDKAPREMONT_MODE_reg oper account,0.0,0.0004856438632893878,188,113,75
HOUSETYPE_MODE_terraced house,0.0,0.0,188,195,7
LANDAREA_MEDI_MISSING_FLAG,0.0,0.0002663084280823129,188,162,26
LANDAREA_MODE_MISSING_FLAG,0.0,0.00016366886505640106,188,171,17
LIVE_REGION_NOT_WORK_REGION,0.0,0.000727834917806537,188,69,119
FLOORSMAX_AVG,0.0,0.0005094144177140004,188,108,80
OWN_CAR_AGE_MISSING_FLAG,0.0,0.00028828427764923984,188,158,30
NONLIVINGAREA_MODE,0.0,0.0008015159563771134,188,57,131
NONLIVINGAREA_MEDI_MISSING_FLAG,0.0,0.0009659618123207117,188,39,149
NONLIVINGAPARTMENTS_MODE_MISSING_FLAG,0.0,0.0004116564990215509,188,129,59
NAME_INCOME_TYPE_Unemployed,0.0,0.0,188,195,7
NAME_INCOME_TYPE_State servant,0.0,0.000786783273787028,188,59,129
NAME_TYPE_SUITE_Group of people,0.0,0.0,188,195,7
NAME_INCOME_TYPE_Student,0.0,0.0,188,195,7
OBS_30_CNT_SOCIAL_CIRCLE,0.0,0.0005945788013852729,188,94,94
REG_CITY_NOT_LIVE_CITY,0.0,0.001668077158550541,188,21,167
WALLSMATERIAL_MODE_Monolithic,0.0,0.000662254172190862,188,83,105
WALLSMATERIAL_MODE_Wooden,0.0,0.0002568346867925355,188,164,24
WEEKDAY_APPR_PROCESS_START_WEDNESDAY,0.0,0.0003675757664725868,188,136,52
YEARS_BEGINEXPLUATATION_MODE,0.0,0.00012820191264847571,188,173,15
YEARS_BUILD_MODE_MISSING_FLAG,0.0,0.0006848102502231097,188,77,111
