,mean_abs_shap
EXT_SOURCE_2,0.35321563
EXT_SOURCE_3,0.293336
EXT_SOURCE_1,0.12836167
AMT_ANNUITY,0.10175959
AMT_GOODS_PRICE,0.101202756
ORGANIZATION_TYPE_TE,0.09022916
DAYS_EMPLOYED,0.090226434
AMT_CREDIT,0.07849381
CODE_GENDER_F,0.06767625
NAME_EDUCATION_TYPE_Higher education,0.06231508
DAYS_BIRTH,0.050557736
PREV_NAME_YIELD_GROUP_high_mean,0.04990034
PREV_CNT_PAYMENT_std,0.04858415
PREV_NAME_YIELD_GROUP_low_action_mean,0.04497103
NAME_FAMILY_STATUS_Married,0.044490192
PREV_DAYS_LAST_DUE_1ST_VERSION_max,0.04401823
OWN_CAR_AGE,0.041600298
FLAG_OWN_CAR_N,0.03609667
CODE_GENDER_M,0.036094204
PREV_NAME_CONTRACT_STATUS_Refused_mean,0.035976253
PREV_PRODUCT_COMBINATION_Cash X-Sell: low_mean,0.035945326
PREV_APPROVED_CNT_PAYMENT_mean,0.035670873
OCCUPATION_TYPE_TE,0.033387538
PREV_CNT_PAYMENT_mean,0.032750435
DAYS_ID_PUBLISH,0.03249887
PREV_APPROVED_AMT_DOWN_PAYMENT_sum,0.03125325
BUREAU_ACTIVE_DAYS_CREDIT_ENDDATE_mean,0.030906549
FLAG_DOCUMENT_3,0.029760605
BUREAU_AMT_CREDIT_SUM_DEBT_std,0.02823782
PREV_APPROVED_AMT_ANNUITY_sum,0.027515912
PREV_APPROVED_AMT_ANNUITY_mean,0.025443628
BUREAU_AMT_CREDIT_MAX_OVERDUE_mean,0.024894418
PREV_DAYS_FIRST_DRAWING_std,0.024081858
NAME_CONTRACT_TYPE_Cash loans,0.023666035
REGION_RATING_CLIENT_W_CITY,0.02348226
PREV_DAYS_FIRST_DRAWING_mean,0.020295441
BUREAU_AMT_CREDIT_SUM_DEBT_mean,0.019319277
BUREAU_ACTIVE_DAYS_CREDIT_ENDDATE_max,0.019066919
AMT_REQ_CREDIT_BUREAU_QRT,0.018634573
BUREAU_ACTIVE_DAYS_CREDIT_max,0.017514199
REGION_POPULATION_RELATIVE,0.01611074
BUREAU_DAYS_CREDIT_mean,0.016101375
BUREAU_CLOSED_AMT_CREDIT_MAX_OVERDUE_max_MISSING_FLAG,0.01602664
BUREAU_DAYS_CREDIT_max,0.015592391
PREV_CODE_REJECT_REASON_XAP_mean,0.015445131
DAYS_REGISTRATION,0.015301985
PREV_AMT_ANNUITY_mean,0.014570081
BUREAU_CREDIT_ACTIVE_Active_mean,0.014430133
BUREAU_AMT_CREDIT_SUM_min,0.013566832
BUREAU_CREDIT_ACTIVE_Closed_mean,0.013517886
BUREAU_CLOSED_DAYS_ENDDATE_FACT_max,0.01338067
DAYS_LAST_PHONE_CHANGE,0.013077336
DEF_30_CNT_SOCIAL_CIRCLE,0.0129948
PREV_DAYS_FIRST_DUE_std,0.012850752
EXT_SOURCE_1_MISSING_FLAG,0.012835419
BUREAU_CLOSED_AMT_CREDIT_SUM_sum,0.012734555
PREV_NAME_YIELD_GROUP_low_normal_mean,0.012665475
REG_CITY_NOT_LIVE_CITY,0.012640537
PREV_AMT_ANNUITY_min,0.012188074
BUREAU_CLOSED_DAYS_CREDIT_UPDATE_max,0.011262856
BUREAU_DAYS_CREDIT_ENDDATE_max,0.010578094
PREV_DAYS_FIRST_DRAWING_min,0.010576077
PREV_DAYS_LAST_DUE_max,0.010463163
PREV_APPROVED_CNT_PAYMENT_max,0.010321892
PREV_APPROVED_DAYS_FIRST_DRAWING_sum,0.010181109
BUREAU_ACTIVE_AMT_CREDIT_SUM_LIMIT_mean,0.0100414995
BUREAU_CLOSED_AMT_CREDIT_SUM_mean,0.0098169455
BUREAU_DAYS_ENDDATE_FACT_max,0.009571293
PREV_APPROVED_AMT_APPLICATION_sum,0.009570542
DEF_60_CNT_SOCIAL_CIRCLE,0.0094921
PREV_PRODUCT_COMBINATION_Cash X-Sell: high_mean,0.009287411
BUREAU_AMT_CREDIT_MAX_OVERDUE_sum,0.009160481
PREV_DAYS_LAST_DUE_mean,0.009090555
BUREAU_CREDIT_TYPE_Mortgage_mean,0.008951721
PREV_REFUSED_DAYS_DECISION_max,0.008918433
PREV_DAYS_FIRST_DRAWING_sum,0.008910139
PREV_RATE_DOWN_PAYMENT_min,0.008718492
PREV_AMT_DOWN_PAYMENT_sum,0.008609867
PREV_NAME_GOODS_CATEGORY_Furniture_mean,0.008429748
PREV_APPROVED_AMT_ANNUITY_max,0.008374279
BUREAU_DAYS_CREDIT_ENDDATE_sum,0.008270587
PREV_AMT_DOWN_PAYMENT_mean,0.008268608
PREV_NAME_CONTRACT_STATUS_Approved_mean,0.008233535
PREV_NAME_TYPE_SUITE_Unaccompanied_mean,0.008067653
PREV_APPROVED_SELLERPLACE_AREA_sum,0.008063781
PREV_APPROVED_HOUR_APPR_PROCESS_START_sum,0.008024038
PREV_DAYS_FIRST_DUE_max,0.00801144
NAME_EDUCATION_TYPE_Secondary / secondary special,0.007882025
BUREAU_CLOSED_DAYS_CREDIT_UPDATE_mean,0.007753128
AMT_INCOME_TOTAL,0.0077134287
BUREAU_ACTIVE_AMT_CREDIT_SUM_DEBT_max,0.0076840194
BUREAU_ACTIVE_AMT_CREDIT_SUM_DEBT_mean,0.007231344
BUREAU_CLOSED_DAYS_CREDIT_max,0.0071480493
PREV_DAYS_DECISION_max,0.0070387116
BUREAU_ACTIVE_AMT_CREDIT_SUM_sum,0.006944526
PREV_PRODUCT_COMBINATION_Cash Street: low_mean,0.0069267107
PREV_APPROVED_DAYS_LAST_DUE_1ST_VERSION_max,0.0069262423
PREV_PRODUCT_COMBINATION_POS industry with interest_mean,0.0068441965
BUREAU_CREDIT_TYPE_Microloan_mean,0.0067086294
PREV_REFUSED_CNT_PAYMENT_max,0.0066386354
FLAG_WORK_PHONE,0.0064442186
AMT_REQ_CREDIT_BUREAU_YEAR,0.006372735
BUREAU_ACTIVE_DAYS_CREDIT_mean,0.0063158837
PREV_APPROVED_HOUR_APPR_PROCESS_START_mean,0.0061197937
BUREAU_CLOSED_DAYS_CREDIT_ENDDATE_max,0.0059588086
PREV_CNT_PAYMENT_max,0.005952796
BUREAU_ACTIVE_AMT_CREDIT_MAX_OVERDUE_sum,0.0058907266
PREV_DAYS_LAST_DUE_1ST_VERSION_mean,0.005805711
BUREAU_CLOSED_AMT_CREDIT_SUM_max,0.005603355
PREV_APPROVED_RATE_DOWN_PAYMENT_sum,0.0055786287
PREV_CHANNEL_TYPE_AP+ (Cash loan)_mean,0.005517907
BUREAU_AMT_CREDIT_SUM_DEBT_sum,0.005494145
BUREAU_AMT_CREDIT_SUM_max,0.0054440782
BUREAU_ACTIVE_AMT_CREDIT_MAX_OVERDUE_mean,0.005424675
BUREAU_AMT_CREDIT_SUM_mean,0.0054173837
PREV_HOUR_APPR_PROCESS_START_std,0.005336198
PREV_APPROVED_AMT_DOWN_PAYMENT_max,0.0052680494
BUREAU_ACTIVE_DAYS_CREDIT_UPDATE_sum,0.0052600983
YEARS_BEGINEXPLUATATION_MODE,0.005254785
PREV_HOUR_APPR_PROCESS_START_mean,0.005242525
PREV_NAME_PRODUCT_TYPE_walk-in_mean,0.0052201673
PREV_APPROVED_AMT_CREDIT_sum,0.0052142898
PREV_WEEKDAY_APPR_PROCESS_START_SATURDAY_mean,0.0051359436
BUREAU_AMT_CREDIT_SUM_sum,0.0051101595
BUREAU_AMT_CREDIT_SUM_LIMIT_std,0.0049780584
APARTMENTS_AVG,0.0049304194
PREV_RATE_DOWN_PAYMENT_max,0.004804953
PREV_AMT_GOODS_PRICE_min,0.004783817
NAME_INCOME_TYPE_Working,0.0047582975
PREV_AMT_DOWN_PAYMENT_max,0.004679022
PREV_APPROVED_DAYS_LAST_DUE_1ST_VERSION_sum,0.0046279714
BUREAU_AMT_CREDIT_SUM_DEBT_max,0.0046197786
BUREAU_ACTIVE_AMT_CREDIT_SUM_max,0.0046180603
PREV_APPROVED_DAYS_DECISION_sum,0.004547612
PREV_AMT_ANNUITY_sum,0.0044301245
BUREAU_DAYS_CREDIT_ENDDATE_mean,0.0044109924
PREV_RATE_DOWN_PAYMENT_sum,0.0044102645
BUREAU_ACTIVE_DAYS_CREDIT_ENDDATE_sum,0.0043799765
EXT_SOURCE_3_MISSING_FLAG,0.0043417043
PREV_NFLAG_INSURED_ON_APPROVAL_mean,0.0043214154
PREV_APPROVED_CNT_PAYMENT_sum,0.004272834
PREV_DAYS_LAST_DUE_1ST_VERSION_sum,0.0042319084
PREV_APPROVED_SELLERPLACE_AREA_max,0.004231608
PREV_DAYS_LAST_DUE_sum,0.0041356115
BUREAU_DAYS_CREDIT_UPDATE_max,0.00402283
BUREAU_AMT_CREDIT_SUM_std,0.00401379
PREV_NAME_SELLER_INDUSTRY_Furniture_mean,0.003969456
HOUR_APPR_PROCESS_START,0.00396834
PREV_NAME_PRODUCT_TYPE_x-sell_mean,0.0039434214
PREV_NAME_GOODS_CATEGORY_Mobile_mean,0.0038895404
BUREAU_AMT_CREDIT_SUM_LIMIT_mean,0.0037812057
REGION_RATING_CLIENT,0.0037617171
PREV_DAYS_DECISION_mean,0.0037425
PREV_NAME_SELLER_INDUSTRY_Connectivity_mean,0.0036044903
PREV_DAYS_LAST_DUE_std,0.003597404
BUREAU_CLOSED_DAYS_CREDIT_ENDDATE_mean,0.0035825477
PREV_NFLAG_INSURED_ON_APPROVAL_std,0.0035738933
PREV_NAME_PAYMENT_TYPE_Cash through the bank_mean,0.0035719865
PREV_DAYS_FIRST_DUE_min,0.0035633275
BUREAU_ACTIVE_AMT_CREDIT_SUM_mean,0.0034254447
PREV_APPROVED_RATE_DOWN_PAYMENT_max,0.0033898908
LIVINGAREA_MODE,0.0032979988
PREV_NAME_CLIENT_TYPE_Repeater_mean,0.003285828
PREV_APPROVED_AMT_DOWN_PAYMENT_mean,0.0032522297
BUREAU_DAYS_ENDDATE_FACT_std,0.0031758638
BUREAU_BB_STATUS_0_mean_std,0.003155871
BUREAU_CLOSED_BB_STATUS_0_mean_sum,0.0030851443
PREV_APPROVED_DAYS_TERMINATION_max,0.0030810048
BUREAU_DAYS_CREDIT_min,0.0030270384
PREV_DAYS_LAST_DUE_1ST_VERSION_min,0.0030132453
PREV_APPROVED_DAYS_DECISION_max,0.0030045714
PREV_AMT_ANNUITY_std,0.002978408
BUREAU_AMT_CREDIT_MAX_OVERDUE_max,0.0029703912
BUREAU_CLOSED_DAYS_CREDIT_ENDDATE_sum,0.0029033471
PREV_DAYS_TERMINATION_sum,0.0029013052
PREV_SELLERPLACE_AREA_mean,0.002875874
BUREAU_DAYS_CREDIT_ENDDATE_min,0.0028536678
BUREAU_BB_STATUS_1_mean_mean,0.002832897
BUREAU_ACTIVE_DAYS_CREDIT_UPDATE_max,0.0028167672
PREV_DAYS_LAST_DUE_1ST_VERSION_std,0.002803105
BUREAU_ACTIVE_BB_MONTHS_BALANCE_max_mean,0.0027935694
PREV_AMT_GOODS_PRICE_mean,0.002762218
PREV_SELLERPLACE_AREA_sum,0.002731197
BUREAU_DAYS_CREDIT_ENDDATE_std,0.0027084677
PREV_NAME_SELLER_INDUSTRY_XNA_mean,0.0027052634
BUREAU_BB_MONTHS_BALANCE_size_sum,0.0026993586
BUREAU_BB_STATUS_C_mean_mean,0.0026860954
BUREAU_ACTIVE_AMT_CREDIT_SUM_DEBT_sum,0.002650381
PREV_AMT_DOWN_PAYMENT_min,0.002648668
BUREAU_ACTIVE_AMT_CREDIT_MAX_OVERDUE_max,0.0026435584
PREV_RATE_DOWN_PAYMENT_std,0.002640696
PREV_DAYS_TERMINATION_max,0.002629865
PREV_PRODUCT_COMBINATION_POS industry without interest_mean,0.0026253904
BUREAU_ACTIVE_BB_STATUS_0_mean_sum,0.0026195857
BUREAU_CLOSED_DAYS_ENDDATE_FACT_mean,0.002606938
BUREAU_ACTIVE_DAYS_CREDIT_UPDATE_mean,0.0026062047
PREV_AMT_ANNUITY_max,0.0025520436
BUREAU_DAYS_CREDIT_UPDATE_std,0.002550203
PREV_DAYS_FIRST_DUE_mean,0.0025448203
PREV_CODE_REJECT_REASON_HC_mean,0.002538051
PREV_APPROVED_RATE_DOWN_PAYMENT_mean,0.0025117914
PREV_NAME_YIELD_GROUP_middle_mean,0.0025034405
YEARS_BEGINEXPLUATATION_AVG,0.0024898197
BUREAU_AMT_ANNUITY_min,0.0024873058
PREV_DAYS_DECISION_std,0.0024615268
BUREAU_DAYS_CREDIT_UPDATE_mean,0.0024540324
PREV_APPROVED_AMT_CREDIT_max,0.002453528
PREV_WEEKDAY_APPR_PROCESS_START_WEDNESDAY_mean,0.002444181
BUREAU_CLOSED_DAYS_CREDIT_mean,0.0024133304
BUREAU_DAYS_ENDDATE_FACT_min,0.0024062714
FLAG_OWN_CAR_Y,0.0024023547
APARTMENTS_MODE,0.0023922378
PREV_CODE_REJECT_REASON_LIMIT_mean,0.0023802798
PREV_CNT_PAYMENT_sum,0.0023759992
PREV_CHANNEL_TYPE_Stone_mean,0.0023577358
NAME_FAMILY_STATUS_Single / not married,0.0023513443
PREV_AMT_CREDIT_min,0.0023443499
BUREAU_ACTIVE_AMT_CREDIT_SUM_LIMIT_count,0.0023021854
BASEMENTAREA_AVG,0.002273132
PREV_AMT_GOODS_PRICE_std,0.0022606351
BUREAU_CLOSED_DAYS_CREDIT_sum,0.0022553112
PREV_DAYS_FIRST_DUE_sum,0.002244776
YEARS_BEGINEXPLUATATION_MEDI,0.0022294675
BUREAU_DAYS_CREDIT_sum,0.0022239839
BUREAU_ACTIVE_BB_MONTHS_BALANCE_size_sum,0.0022026617
BUREAU_AMT_CREDIT_SUM_LIMIT_count,0.0021916344
PREV_DAYS_LAST_DUE_min,0.0021863983
BUREAU_CLOSED_AMT_CREDIT_SUM_DEBT_count,0.0021815374
BUREAU_ACTIVE_BB_MONTHS_BALANCE_min_max,0.0021653397
FLOORSMAX_MEDI,0.0021643876
TOTALAREA_MODE,0.0021563228
PREV_APPROVED_DAYS_DECISION_mean,0.0021346495
NONLIVINGAPARTMENTS_MEDI,0.002127747
PREV_APPROVED_AMT_CREDIT_mean,0.0021197107
BUREAU_DAYS_CREDIT_std,0.0021183034
BUREAU_ACTIVE_DAYS_CREDIT_sum,0.0021078698
PREV_NAME_CONTRACT_STATUS_Canceled_mean,0.0020864087
PREV_NAME_GOODS_CATEGORY_Clothing and Accessories_mean,0.0020557982
PREV_SELLERPLACE_AREA_std,0.0020452389
PREV_NAME_PAYMENT_TYPE_XNA_mean,0.00203087
PREV_NAME_CLIENT_TYPE_New_mean,0.0020286043
PREV_HOUR_APPR_PROCESS_START_sum,0.0020146763
PREV_DAYS_DECISION_min,0.0019856738
PREV_NAME_PORTFOLIO_XNA_mean,0.001984859
ENTRANCES_AVG,0.0019699691
PREV_DAYS_TERMINATION_mean,0.0019528504
PREV_NAME_SELLER_INDUSTRY_Construction_mean,0.0019527996
BUREAU_CREDIT_TYPE_Consumer credit_mean,0.0019514854
PREV_APPROVED_AMT_GOODS_PRICE_sum,0.0019476766
PREV_APPROVED_DAYS_LAST_DUE_sum,0.0019474585
PREV_AMT_DOWN_PAYMENT_std,0.0019295297
BUREAU_BB_STATUS_C_mean_sum,0.0019100038
PREV_NAME_YIELD_GROUP_XNA_mean,0.001892345
PREV_APPROVED_AMT_GOODS_PRICE_mean,0.0018844595
BUREAU_CLOSED_BB_STATUS_1_mean_sum,0.0018782697
FLOORSMAX_MODE,0.0018771194
PREV_AMT_APPLICATION_std,0.0018759153
PREV_DAYS_TERMINATION_min,0.0018697315
BUREAU_BB_MONTHS_BALANCE_min_count,0.0018682199
COMMONAREA_MODE,0.0018546522
PREV_AMT_APPLICATION_mean,0.0018528763
PREV_APPROVED_SELLERPLACE_AREA_mean,0.0018415081
PREV_AMT_CREDIT_mean,0.0018331232
PREV_WEEKDAY_APPR_PROCESS_START_TUESDAY_mean,0.0018309122
BUREAU_DAYS_CREDIT_ENDDATE_count,0.0018298823
PREV_APPROVED_AMT_GOODS_PRICE_max,0.0017938864
FLOORSMAX_AVG,0.0017661962
PREV_WEEKDAY_APPR_PROCESS_START_THURSDAY_mean,0.0017568689
BUREAU_CREDIT_TYPE_Car loan_mean,0.0017515335
YEARS_BUILD_MEDI,0.0017326117
BUREAU_CLOSED_DAYS_CREDIT_UPDATE_sum,0.0017254974
WALLSMATERIAL_MODE_Panel,0.0017063584
PREV_APPROVED_AMT_APPLICATION_mean,0.0016981781
BUREAU_AMT_CREDIT_SUM_LIMIT_max,0.0016971355
BUREAU_AMT_CREDIT_MAX_OVERDUE_std,0.0016927206
BASEMENTAREA_MODE,0.0016746897
PREV_REFUSED_DAYS_DECISION_sum,0.0016507152
BUREAU_DAYS_ENDDATE_FACT_mean,0.001650602
PREV_WEEKDAY_APPR_PROCESS_START_MONDAY_mean,0.0016504545
PREV_RATE_DOWN_PAYMENT_mean,0.001641402
PREV_PRODUCT_COMBINATION_Cash Street: high_mean,0.0016316526
BUREAU_ACTIVE_AMT_CREDIT_MAX_OVERDUE_count,0.0016187889
BUREAU_BB_STATUS_X_mean_min,0.0016122975
PREV_WEEKDAY_APPR_PROCESS_START_FRIDAY_mean,0.0015977423
BUREAU_CLOSED_BB_STATUS_C_mean_sum,0.0015737413
PREV_PRODUCT_COMBINATION_Cash X-Sell: middle_mean,0.0015647182
BUREAU_DAYS_CREDIT_UPDATE_sum,0.0015631786
BUREAU_BB_STATUS_C_mean_max,0.0015540352
PREV_DAYS_TERMINATION_std,0.0015438541
PREV_CHANNEL_TYPE_Regional / Local_mean,0.001539315
PREV_CHANNEL_TYPE_Country-wide_mean,0.0015041927
PREV_DAYS_DECISION_sum,0.0014978041
BUREAU_BB_STATUS_0_mean_mean,0.0014782728
BUREAU_CLOSED_BB_STATUS_X_mean_mean,0.001472044
BUREAU_AMT_CREDIT_SUM_LIMIT_sum,0.0014632836
PREV_NAME_PORTFOLIO_POS_mean,0.0014575187
PREV_APPROVED_HOUR_APPR_PROCESS_START_max,0.0014531674
FLAG_DOCUMENT_16,0.0014467345
PREV_NAME_GOODS_CATEGORY_Consumer Electronics_mean,0.0014407858
BUREAU_BB_MONTHS_BALANCE_min_std,0.0014386964
LIVINGAREA_MEDI,0.001435166
BUREAU_CLOSED_AMT_CREDIT_SUM_LIMIT_count,0.0014317834
PREV_NAME_PRODUCT_TYPE_XNA_mean,0.0014250344
BUREAU_ACTIVE_BB_MONTHS_BALANCE_size_mean,0.0014221112
BUREAU_BB_STATUS_0_mean_sum,0.0014164873
BUREAU_DAYS_CREDIT_UPDATE_min,0.0013994989
PREV_AMT_CREDIT_max,0.0013796642
PREV_SELLERPLACE_AREA_max,0.0013642198
BUREAU_BB_MONTHS_BALANCE_min_sum,0.0013551277
PREV_APPROVED_DAYS_LAST_DUE_max,0.0013509985
LANDAREA_MODE,0.0013431018
ENTRANCES_MODE,0.0013330919
PREV_APPROVED_AMT_APPLICATION_max,0.0013292592
PREV_PRODUCT_COMBINATION_POS household without interest_mean,0.0013275822
BUREAU_CLOSED_BB_MONTHS_BALANCE_max_max,0.0013250117
BUREAU_ACTIVE_AMT_CREDIT_SUM_DEBT_count,0.0013199482
BUREAU_ACTIVE_BB_STATUS_0_mean_mean,0.0013100834
PREV_AMT_APPLICATION_min,0.0012945847
PREV_NAME_TYPE_SUITE_Family_mean,0.0012774307
WEEKDAY_APPR_PROCESS_START_WEDNESDAY,0.0012721629
BUREAU_CREDIT_TYPE_Credit card_mean,0.0012704394
BUREAU_ACTIVE_DAYS_CREDIT_ENDDATE_count,0.0012633055
PREV_NAME_GOODS_CATEGORY_Photo / Cinema Equipment_mean,0.0012492378
PREV_NAME_CLIENT_TYPE_Refreshed_mean,0.0012482262
YEARS_BUILD_AVG,0.0012399782
LIVINGAREA_AVG,0.0012205521
PREV_HOUR_APPR_PROCESS_START_min,0.0011973378
FLOORSMIN_AVG,0.0011934723
PREV_SELLERPLACE_AREA_min,0.0011763256
PREV_REFUSED_DAYS_DECISION_mean,0.0011673607
BUREAU_CLOSED_BB_STATUS_2_mean_mean,0.0011654942
BUREAU_CLOSED_DAYS_CREDIT_ENDDATE_count,0.0011591028
PREV_NAME_SELLER_INDUSTRY_Consumer electronics_mean,0.0011517545
NAME_INCOME_TYPE_State servant,0.0011501885
BUREAU_BB_MONTHS_BALANCE_max_std,0.0011477344
PREV_AMT_CREDIT_std,0.0011369484
FLOORSMIN_MEDI,0.0011291358
PREV_NAME_SELLER_INDUSTRY_Clothing_mean,0.0011248883
PREV_REFUSED_HOUR_APPR_PROCESS_START_sum,0.0011169306
BUREAU_AMT_ANNUITY_std,0.0011134623
OBS_60_CNT_SOCIAL_CIRCLE,0.0011003036
PREV_NAME_GOODS_CATEGORY_Audio/Video_mean,0.0011002941
LIVINGAPARTMENTS_AVG,0.0010979036
BUREAU_ACTIVE_BB_MONTHS_BALANCE_min_sum,0.001096812
BUREAU_DAYS_ENDDATE_FACT_sum,0.0010653553
BUREAU_BB_STATUS_0_mean_min,0.0010484755
BUREAU_DAYS_CREDIT_count,0.0010484258
PREV_APPROVED_DAYS_LAST_DUE_1ST_VERSION_mean,0.0010453688
PREV_REFUSED_AMT_GOODS_PRICE_mean,0.0010398057
NONLIVINGAREA_AVG,0.001037656
BUREAU_ACTIVE_AMT_CREDIT_SUM_LIMIT_max,0.0010261853
BUREAU_ACTIVE_DAYS_CREDIT_count,0.0010198365
PREV_WEEKDAY_APPR_PROCESS_START_SUNDAY_mean,0.0010194877
PREV_CHANNEL_TYPE_Contact center_mean,0.0010161025
BUREAU_CLOSED_BB_MONTHS_BALANCE_min_mean,0.0010139717
BUREAU_CLOSED_AMT_ANNUITY_count,0.0010118107
PREV_REFUSED_RATE_DOWN_PAYMENT_sum,0.0010060146
BUREAU_CLOSED_BB_STATUS_0_mean_max,0.001000458
YEARS_BUILD_MODE,0.0010001984
NONLIVINGAREA_MODE,0.0009966823
BUREAU_CLOSED_AMT_CREDIT_MAX_OVERDUE_sum,0.0009866684
LANDAREA_AVG,0.0009863422
OBS_30_CNT_SOCIAL_CIRCLE,0.0009794312
BUREAU_CLOSED_AMT_CREDIT_MAX_OVERDUE_mean,0.0009734912
BUREAU_BB_MONTHS_BALANCE_max_mean,0.00096535694
BUREAU_CLOSED_BB_STATUS_C_mean_mean,0.0009532008
PREV_PRODUCT_COMBINATION_POS household with interest_mean,0.00094948104
APARTMENTS_MEDI,0.00094825716
BUREAU_AMT_ANNUITY_sum,0.0009447129
"PREV_NAME_TYPE_SUITE_Spouse, partner_mean",0.0009428841
PREV_REFUSED_RATE_DOWN_PAYMENT_mean,0.00094005367
BUREAU_CLOSED_AMT_ANNUITY_max,0.0009343415
PREV_AMT_APPLICATION_sum,0.00091597956
BUREAU_CLOSED_BB_MONTHS_BALANCE_min_max,0.00091594545
BUREAU_BB_MONTHS_BALANCE_size_max,0.0009137314
BUREAU_BB_STATUS_X_mean_mean,0.00091164524
BUREAU_ACTIVE_BB_STATUS_C_mean_mean,0.0009091815
ELEVATORS_MODE,0.00089486124
BASEMENTAREA_AVG_MISSING_FLAG,0.0008940213
BUREAU_ACTIVE_BB_MONTHS_BALANCE_size_max,0.00088419934
BUREAU_CLOSED_BB_MONTHS_BALANCE_size_sum,0.00087809906
BUREAU_BB_STATUS_C_mean_min,0.0008617528
BUREAU_BB_MONTHS_BALANCE_min_mean,0.0008591736
WEEKDAY_APPR_PROCESS_START_SATURDAY,0.0008570601
BUREAU_CLOSED_BB_STATUS_X_mean_max,0.0008526579
WEEKDAY_APPR_PROCESS_START_FRIDAY,0.00084644556
BUREAU_ACTIVE_BB_MONTHS_BALANCE_min_mean,0.0008403983
BUREAU_BB_MONTHS_BALANCE_size_std,0.0008274027
PREV_AMT_APPLICATION_max,0.000822911
PREV_AMT_CREDIT_sum,0.00081902725
LIVINGAPARTMENTS_MEDI,0.0008044872
PREV_APPROVED_DAYS_FIRST_DUE_sum,0.00079459266
BUREAU_AMT_ANNUITY_max,0.0007849517
BUREAU_CLOSED_BB_MONTHS_BALANCE_max_mean,0.0007807641
BUREAU_ACTIVE_BB_STATUS_C_mean_sum,0.0007739895
PREV_NAME_GOODS_CATEGORY_Computers_mean,0.00076818094
FLAG_PHONE,0.0007621038
NAME_TYPE_SUITE_Family,0.00075800007
PREV_REFUSED_AMT_ANNUITY_mean,0.0007473081
PREV_HOUR_APPR_PROCESS_START_max,0.00074621144
BUREAU_CLOSED_DAYS_ENDDATE_FACT_sum,0.0007437185
BUREAU_BB_STATUS_0_mean_max,0.0007408707
COMMONAREA_AVG,0.0007330843
PREV_AMT_DOWN_PAYMENT_count,0.0007145608
BUREAU_CLOSED_BB_MONTHS_BALANCE_min_sum,0.0007134408
BUREAU_CLOSED_BB_MONTHS_BALANCE_size_mean,0.00069945666
PREV_REFUSED_AMT_APPLICATION_mean,0.0006880918
PREV_NAME_GOODS_CATEGORY_XNA_mean,0.0006735869
NAME_HOUSING_TYPE_Rented apartment,0.00067084766
PREV_NAME_CASH_LOAN_PURPOSE_XNA_mean,0.0006652797
PREV_NAME_CONTRACT_TYPE_Revolving loans_mean,0.0006644998
PREV_NAME_TYPE_SUITE_Children_mean,0.0006622711
COMMONAREA_AVG_MISSING_FLAG,0.00066226156
BUREAU_CLOSED_BB_STATUS_1_mean_mean,0.0006613497
PREV_REFUSED_CNT_PAYMENT_mean,0.0006607002
BUREAU_AMT_ANNUITY_mean,0.00066011236
LIVINGAPARTMENTS_MODE,0.0006566898
PREV_CHANNEL_TYPE_Credit and cash offices_mean,0.00065577356
BASEMENTAREA_MEDI,0.0006548969
PREV_REFUSED_HOUR_APPR_PROCESS_START_mean,0.00065486925
BUREAU_ACTIVE_AMT_ANNUITY_sum,0.0006514404
ENTRANCES_MEDI,0.0006509124
ELEVATORS_AVG,0.0006498031
BUREAU_BB_MONTHS_BALANCE_size_min,0.0006307877
PREV_REFUSED_RATE_DOWN_PAYMENT_max,0.0006300757
PREV_REFUSED_CNT_PAYMENT_sum,0.0006279284
BUREAU_BB_MONTHS_BALANCE_max_sum,0.00062683184
PREV_PRODUCT_COMBINATION_Card X-Sell_mean,0.000625159
PREV_NAME_PORTFOLIO_Cash_mean,0.0006143659
PREV_REFUSED_AMT_GOODS_PRICE_max,0.0006141783
BUREAU_ACTIVE_BB_STATUS_1_mean_max,0.00060923677
BUREAU_BB_STATUS_1_mean_min,0.0006086841
PREV_APPROVED_DAYS_LAST_DUE_mean,0.0006080898
PREV_APPROVED_AMT_DOWN_PAYMENT_count,0.00060046284
BUREAU_AMT_CREDIT_SUM_DEBT_count,0.00059012685
BUREAU_CLOSED_BB_STATUS_0_mean_mean,0.0005870875
NAME_HOUSING_TYPE_House / apartment,0.00058062247
OWN_CAR_AGE_MISSING_FLAG,0.0005794318
PREV_REFUSED_AMT_DOWN_PAYMENT_sum,0.00057766936
PREV_PRODUCT_COMBINATION_POS other with interest_mean,0.0005653545
BUREAU_BB_STATUS_X_mean_std,0.000558459
PREV_REFUSED_AMT_CREDIT_mean,0.0005549904
BUREAU_AMT_CREDIT_MAX_OVERDUE_min,0.00055011007
BUREAU_CLOSED_BB_STATUS_X_mean_sum,0.0005430612
BUREAU_CLOSED_BB_STATUS_C_mean_max,0.00054154807
WEEKDAY_APPR_PROCESS_START_THURSDAY,0.0005374663
PREV_REFUSED_AMT_ANNUITY_max,0.0005284377
PREV_REFUSED_HOUR_APPR_PROCESS_START_max,0.00052593433
BUREAU_CLOSED_BB_MONTHS_BALANCE_size_max,0.000522772
PREV_NFLAG_INSURED_ON_APPROVAL_sum,0.000518108
PREV_REFUSED_AMT_CREDIT_max,0.0005131821
BUREAU_CLOSED_AMT_CREDIT_SUM_LIMIT_mean,0.00050758384
PREV_REFUSED_SELLERPLACE_AREA_sum,0.00050713005
PREV_PRODUCT_COMBINATION_Card Street_mean,0.0005061058
BUREAU_ACTIVE_BB_STATUS_0_mean_max,0.0005020049
PREV_CNT_PAYMENT_min,0.0005009234
BUREAU_BB_STATUS_C_mean_std,0.000495056
AMT_REQ_CREDIT_BUREAU_MON,0.00049466075
BUREAU_ACTIVE_AMT_ANNUITY_max,0.00048648848
"WALLSMATERIAL_MODE_Stone, brick",0.00047464858
BUREAU_CLOSED_AMT_CREDIT_MAX_OVERDUE_max,0.0004577672
ELEVATORS_AVG_MISSING_FLAG,0.00045455867
BUREAU_BB_MONTHS_BALANCE_size_mean,0.00045366865
BUREAU_CLOSED_AMT_CREDIT_SUM_DEBT_mean,0.0004524548
NAME_HOUSING_TYPE_Office apartment,0.0004497571
BUREAU_BB_STATUS_X_mean_max,0.0004471831
FONDKAPREMONT_MODE_reg oper account,0.00044709205
BUREAU_CLOSED_AMT_CREDIT_MAX_OVERDUE_count,0.00044428153
PREV_REFUSED_SELLERPLACE_AREA_mean,0.00044343766
BUREAU_CLOSED_DAYS_CREDIT_count,0.00044137918
BUREAU_ACTIVE_AMT_ANNUITY_mean,0.0004336793
BUREAU_BB_MONTHS_BALANCE_min_min,0.00042970967
PREV_APPROVED_DAYS_TERMINATION_sum,0.0004276958
PREV_REFUSED_SELLERPLACE_AREA_max,0.00042727872
CNT_FAM_MEMBERS,0.00042410058
WEEKDAY_APPR_PROCESS_START_MONDAY,0.0004197014
PREV_DAYS_FIRST_DRAWING_count,0.00041401334
YEARS_BUILD_MODE_MISSING_FLAG,0.00040943298
BUREAU_CLOSED_AMT_ANNUITY_mean,0.0004090268
PREV_REFUSED_AMT_APPLICATION_count,0.000407332
BUREAU_ACTIVE_BB_STATUS_X_mean_sum,0.0004072816
BUREAU_AMT_CREDIT_MAX_OVERDUE_count,0.00040237923
PREV_REFUSED_AMT_DOWN_PAYMENT_mean,0.0004017869
PREV_PRODUCT_COMBINATION_Cash_mean,0.00040061513
PREV_REFUSED_AMT_DOWN_PAYMENT_count,0.00039747497
BUREAU_ACTIVE_BB_STATUS_C_mean_max,0.0003940178
BUREAU_CLOSED_AMT_ANNUITY_sum,0.00039072314
BUREAU_ACTIVE_BB_MONTHS_BALANCE_max_max,0.00038477263
BUREAU_CLOSED_BB_MONTHS_BALANCE_min_count,0.0003844726
BUREAU_BB_MONTHS_BALANCE_min_max,0.0003812637
PREV_REFUSED_AMT_APPLICATION_sum,0.00037398556
BUREAU_ACTIVE_AMT_CREDIT_MAX_OVERDUE_max_MISSING_FLAG,0.00036517042
PREV_APPROVED_AMT_GOODS_PRICE_count,0.0003638747
NONLIVINGAPARTMENTS_MODE,0.00035523056
BUREAU_BB_STATUS_X_mean_sum,0.00035250353
PREV_AMT_APPLICATION_count,0.0003504833
PREV_NAME_GOODS_CATEGORY_Auto Accessories_mean,0.0003502012
BUREAU_AMT_CREDIT_SUM_DEBT_min,0.00034907693
LANDAREA_MEDI,0.00034681652
NONLIVINGAREA_MEDI,0.0003445308
PREV_NAME_CASH_LOAN_PURPOSE_XAP_mean,0.0003312241
BUREAU_AMT_ANNUITY_count,0.0003279805
PREV_NAME_TYPE_SUITE_Other_B_mean,0.00032591805
BUREAU_CNT_CREDIT_PROLONG_mean,0.0003195419
PREV_NAME_CASH_LOAN_PURPOSE_Urgent needs_mean,0.0003150663
NAME_FAMILY_STATUS_Widow,0.00031264074
PREV_REFUSED_AMT_ANNUITY_sum,0.00031255654
FONDKAPREMONT_MODE_reg oper spec account,0.0003125168
BUREAU_BB_MONTHS_BALANCE_max_max,0.0003119179
PREV_AMT_GOODS_PRICE_sum,0.0003060151
PREV_REFUSED_AMT_GOODS_PRICE_count,0.00030592634
BUREAU_BB_MONTHS_BALANCE_max_min,0.0002973882
PREV_REFUSED_AMT_GOODS_PRICE_sum,0.0002930873
BUREAU_BB_STATUS_1_mean_max,0.00029244393
PREV_NAME_CONTRACT_TYPE_Consumer loans_mean,0.0002896545
BUREAU_CREDIT_ACTIVE_Sold_mean,0.00028720105
COMMONAREA_MEDI,0.0002868278
YEARS_BUILD_AVG_MISSING_FLAG,0.000284533
PREV_RATE_DOWN_PAYMENT_count,0.00027934805
FLOORSMIN_AVG_MISSING_FLAG,0.0002765912
BUREAU_DAYS_ENDDATE_FACT_count,0.00027118396
PREV_NAME_SELLER_INDUSTRY_Industry_mean,0.0002700906
PREV_CODE_REJECT_REASON_SCOFR_mean,0.00026997956
PREV_PRODUCT_COMBINATION_Cash Street: middle_mean,0.00026909853
PREV_APPROVED_DAYS_FIRST_DUE_max,0.00026649403
WEEKDAY_APPR_PROCESS_START_SUNDAY,0.00025599654
PREV_PRODUCT_COMBINATION_POS mobile with interest_mean,0.00025389442
BUREAU_BB_STATUS_1_mean_sum,0.00025342035
NAME_FAMILY_STATUS_Civil marriage,0.00025187983
ELEVATORS_MEDI,0.000250698
PREV_AMT_ANNUITY_count,0.00024142287
PREV_NAME_GOODS_CATEGORY_Jewelry_mean,0.00023865854
PREV_NFLAG_LAST_APPL_IN_DAY_mean,0.0002384263
BUREAU_BB_STATUS_2_mean_mean,0.00023087916
FLAG_DOCUMENT_6,0.0002305312
BUREAU_ACTIVE_BB_STATUS_1_mean_sum,0.00022450466
PREV_NAME_CASH_LOAN_PURPOSE_Other_mean,0.00022244258
BUREAU_BB_STATUS_3_mean_mean,0.00022197659
PREV_CODE_REJECT_REASON_SCO_mean,0.00022102361
BUREAU_ACTIVE_BB_STATUS_X_mean_max,0.00021951733
"NAME_TYPE_SUITE_Spouse, partner",0.00021932094
PREV_NFLAG_LAST_APPL_IN_DAY_sum,0.00020917573
ENTRANCES_AVG_MISSING_FLAG,0.00020673744
BUREAU_ACTIVE_AMT_CREDIT_SUM_LIMIT_sum,0.00020437884
NAME_EDUCATION_TYPE_Incomplete higher,0.00020181629
NAME_EDUCATION_TYPE_Academic degree,0.00019814876
NONLIVINGAPARTMENTS_AVG,0.00019222706
BUREAU_ACTIVE_CNT_CREDIT_PROLONG_mean,0.00019053523
PREV_NAME_CONTRACT_TYPE_Cash loans_mean,0.00018759155
BUREAU_ACTIVE_BB_STATUS_X_mean_mean,0.00018692054
PREV_APPROVED_DAYS_FIRST_DUE_mean,0.00017368818
FLAG_DOCUMENT_8,0.00017281045
PREV_REFUSED_AMT_DOWN_PAYMENT_max,0.00017022992
LANDAREA_MEDI_MISSING_FLAG,0.00016993802
BUREAU_CLOSED_AMT_CREDIT_SUM_DEBT_max,0.00016922274
BUREAU_BB_STATUS_2_mean_std,0.00016782086
PREV_REFUSED_AMT_ANNUITY_count,0.00016694331
PREV_NAME_GOODS_CATEGORY_Construction Materials_mean,0.00015930875
CNT_CHILDREN,0.00015750556
PREV_AMT_GOODS_PRICE_count,0.00014403468
PREV_NAME_PORTFOLIO_Cards_mean,0.00014324977
WEEKDAY_APPR_PROCESS_START_TUESDAY,0.00014236038
FLAG_OWN_REALTY_N,0.0001396396
NAME_HOUSING_TYPE_Municipal apartment,0.00013943212
PREV_REFUSED_AMT_ANNUITY_max_MISSING_FLAG,0.00013783363
PREV_NAME_CONTRACT_STATUS_Unused offer_mean,0.0001359605
BUREAU_CLOSED_AMT_CREDIT_SUM_DEBT_sum,0.00013556401
PREV_REFUSED_AMT_ANNUITY_count_MISSING_FLAG,0.00013308965
LIVINGAREA_AVG_MISSING_FLAG,0.0001303496
BUREAU_ACTIVE_AMT_CREDIT_SUM_OVERDUE_mean,0.00012854529
LANDAREA_AVG_MISSING_FLAG,0.00012711514
FONDKAPREMONT_MODE_org spec account,0.00012672479
BUREAU_BB_STATUS_5_mean_max,0.00012613063
NAME_FAMILY_STATUS_Separated,0.00012071109
FLAG_EMAIL,0.000118657445
BUREAU_CLOSED_BB_MONTHS_BALANCE_max_sum,0.00011485249
FLOORSMIN_MODE,0.00011418712
PREV_PRODUCT_COMBINATION_POS mobile without interest_mean,0.0001131121
PREV_AMT_GOODS_PRICE_max,0.00010881724
PREV_NAME_TYPE_SUITE_Other_A_mean,0.000104755054
BUREAU_ACTIVE_BB_MONTHS_BALANCE_max_sum,0.00010425127
BUREAU_CREDIT_DAY_OVERDUE_count,9.566816e-05
NAME_INCOME_TYPE_Commercial associate,9.5616255e-05
WALLSMATERIAL_MODE_Block,9.371045e-05
PREV_NAME_CASH_LOAN_PURPOSE_Repairs_mean,9.212117e-05
LIVE_CITY_NOT_WORK_CITY,8.835812e-05
BUREAU_CLOSED_BB_STATUS_1_mean_max,8.298678e-05
REG_CITY_NOT_WORK_CITY,8.278912e-05
BUREAU_AMT_CREDIT_SUM_OVERDUE_mean,7.89332e-05
NONLIVINGAREA_AVG_MISSING_FLAG,7.8742545e-05
PREV_APPROVED_AMT_ANNUITY_count,7.766979e-05
PREV_APPROVED_DAYS_TERMINATION_mean,7.451261e-05
NAME_HOUSING_TYPE_With parents,6.4608255e-05
BUREAU_BB_STATUS_1_mean_std,6.3103005e-05
BUREAU_BB_STATUS_5_mean_std,6.2002684e-05
PREV_REFUSED_NFLAG_LAST_APPL_IN_DAY_sum,6.1285034e-05
NAME_TYPE_SUITE_Unaccompanied,6.1027516e-05
BUREAU_CLOSED_BB_STATUS_2_mean_max,5.8840655e-05
REG_REGION_NOT_LIVE_REGION,5.47423e-05
BUREAU_CLOSED_AMT_CREDIT_SUM_LIMIT_sum,5.0696628e-05
EXT_SOURCE_2_MISSING_FLAG,5.0069255e-05
FLAG_DOCUMENT_5,4.9409162e-05
PREV_REFUSED_AMT_CREDIT_sum,4.9015423e-05
BUREAU_BB_STATUS_3_mean_std,4.6738605e-05
HOUSETYPE_MODE_block of flats,4.4880875e-05
BUREAU_ACTIVE_BB_STATUS_1_mean_mean,4.2976866e-05
BUREAU_CLOSED_BB_STATUS_2_mean_sum,4.1381507e-05
WALLSMATERIAL_MODE_Wooden,3.91855e-05
FLAG_EMP_PHONE,3.6574347e-05
PREV_REFUSED_AMT_APPLICATION_max,3.5242774e-05
BUREAU_BB_STATUS_5_mean_mean,3.4042256e-05
LIVE_REGION_NOT_WORK_REGION,3.180238e-05
BUREAU_CNT_CREDIT_PROLONG_std,3.174494e-05
BUREAU_ACTIVE_AMT_CREDIT_SUM_OVERDUE_sum,3.1230134e-05
PREV_NAME_SELLER_INDUSTRY_Auto technology_mean,3.0625684e-05
BUREAU_ACTIVE_AMT_ANNUITY_count,2.8171307e-05
BUREAU_ACTIVE_AMT_ANNUITY_max_MISSING_FLAG,2.7260401e-05
BUREAU_CLOSED_BB_MONTHS_BALANCE_max_count,2.4430663e-05
PREV_RATE_INTEREST_PRIMARY_sum,1.9902147e-05
BUREAU_AMT_CREDIT_SUM_OVERDUE_std,1.966197e-05
AMT_REQ_CREDIT_BUREAU_WEEK,1.5660124e-05
PREV_CODE_REJECT_REASON_CLIENT_mean,1.4371061e-05
PREV_REFUSED_RATE_DOWN_PAYMENT_count,1.3119758e-05
NAME_EDUCATION_TYPE_Lower secondary,1.2599028e-05
NAME_HOUSING_TYPE_Co-op apartment,1.2122424e-05
NAME_TYPE_SUITE_Other_B,1.1242722e-05
REG_REGION_NOT_WORK_REGION,1.1077532e-05
FONDKAPREMONT_MODE_not specified,1.0587351e-05
PREV_FLAG_LAST_APPL_PER_CONTRACT_Y_mean,9.880309e-06
BUREAU_CLOSED_CNT_CREDIT_PROLONG_mean,9.833319e-06
PREV_RATE_INTEREST_PRIMARY_min,9.641205e-06
HOUSETYPE_MODE_specific housing,8.521219e-06
BUREAU_ACTIVE_CREDIT_DAY_OVERDUE_sum,7.0903643e-06
BUREAU_ACTIVE_CREDIT_DAY_OVERDUE_count,7.0361853e-06
PREV_RATE_INTEREST_PRIMARY_count,6.27976e-06
EMERGENCYSTATE_MODE_No,5.747797e-06
BUREAU_CNT_CREDIT_PROLONG_sum,2.945352e-06
PREV_NAME_CASH_LOAN_PURPOSE_Business development_mean,0.0
PREV_NAME_CASH_LOAN_PURPOSE_Building a house or an annex_mean,0.0
PREV_NFLAG_LAST_APPL_IN_DAY_count,0.0
PREV_SELLERPLACE_AREA_count,0.0
PREV_DAYS_DECISION_count,0.0
PREV_RATE_INTEREST_PRIVILEGED_std,0.0
PREV_RATE_INTEREST_PRIVILEGED_max,0.0
PREV_RATE_INTEREST_PRIVILEGED_min,0.0
PREV_RATE_INTEREST_PRIVILEGED_sum,0.0
PREV_RATE_INTEREST_PRIVILEGED_mean,0.0
PREV_RATE_INTEREST_PRIVILEGED_count,0.0
PREV_RATE_INTEREST_PRIMARY_std,0.0
PREV_RATE_INTEREST_PRIMARY_max,0.0
PREV_NAME_CASH_LOAN_PURPOSE_Refusal to name the goal_mean,0.0
PREV_NAME_CASH_LOAN_PURPOSE_Purchase of electronic equipment_mean,0.0
PREV_NAME_CASH_LOAN_PURPOSE_Payments on other loans_mean,0.0
PREV_NAME_CASH_LOAN_PURPOSE_Money for a third person_mean,0.0
PREV_AMT_CREDIT_count,0.0
PREV_HOUR_APPR_PROCESS_START_count,0.0
PREV_NAME_PAYMENT_TYPE_Non-cash from your account_mean,0.0
PREV_NAME_PAYMENT_TYPE_Cashless from the account of the employer_mean,0.0
PREV_NAME_CASH_LOAN_PURPOSE_Wedding / gift / holiday_mean,0.0
PREV_RATE_INTEREST_PRIMARY_mean,0.0
PREV_NFLAG_LAST_APPL_IN_DAY_std,0.0
PREV_NFLAG_LAST_APPL_IN_DAY_max,0.0
PREV_NFLAG_LAST_APPL_IN_DAY_min,0.0
PREV_NAME_GOODS_CATEGORY_Education_mean,0.0
PREV_NAME_GOODS_CATEGORY_Direct Sales_mean,0.0
PREV_NAME_GOODS_CATEGORY_Animals_mean,0.0
PREV_NAME_GOODS_CATEGORY_Additional Service_mean,0.0
PREV_NAME_CLIENT_TYPE_XNA_mean,0.0
PREV_NAME_TYPE_SUITE_Group of people_mean,0.0
PREV_CODE_REJECT_REASON_XNA_mean,0.0
PREV_CODE_REJECT_REASON_VERIF_mean,0.0
PREV_CODE_REJECT_REASON_SYSTEM_mean,0.0
BUREAU_COUNT,0.0
BUREAU_CLOSED_BB_STATUS_X_mean_count,0.0
BUREAU_CLOSED_BB_STATUS_C_mean_count,0.0
BUREAU_CLOSED_BB_STATUS_5_mean_max,0.0
BUREAU_CLOSED_BB_STATUS_5_mean_sum,0.0
BUREAU_CLOSED_BB_STATUS_5_mean_mean,0.0
BUREAU_CLOSED_BB_STATUS_4_mean_sum,0.0
BUREAU_CLOSED_BB_STATUS_4_mean_mean,0.0
BUREAU_CLOSED_BB_STATUS_4_mean_count,0.0
BUREAU_CLOSED_BB_STATUS_3_mean_max,0.0
BUREAU_CLOSED_BB_STATUS_3_mean_sum,0.0
BUREAU_CLOSED_BB_STATUS_3_mean_mean,0.0
BUREAU_CLOSED_BB_STATUS_3_mean_count,0.0
BUREAU_CLOSED_BB_STATUS_2_mean_count,0.0
PREV_NAME_GOODS_CATEGORY_Insurance_mean,0.0
PREV_NAME_GOODS_CATEGORY_House Construction_mean,0.0
PREV_NAME_GOODS_CATEGORY_Homewares_mean,0.0
PREV_NAME_GOODS_CATEGORY_Gardening_mean,0.0
PREV_NAME_GOODS_CATEGORY_Fitness_mean,0.0
BUREAU_CLOSED_BB_STATUS_0_mean_count,0.0
BUREAU_CLOSED_BB_MONTHS_BALANCE_size_count,0.0
PREV_NAME_PORTFOLIO_Cars_mean,0.0
PREV_NAME_GOODS_CATEGORY_Weapon_mean,0.0
PREV_NAME_GOODS_CATEGORY_Vehicles_mean,0.0
PREV_NAME_GOODS_CATEGORY_Tourism_mean,0.0
PREV_NAME_GOODS_CATEGORY_Sport and Leisure_mean,0.0
PREV_NAME_GOODS_CATEGORY_Other_mean,0.0
PREV_NAME_GOODS_CATEGORY_Office Appliances_mean,0.0
PREV_NAME_GOODS_CATEGORY_Medicine_mean,0.0
PREV_NAME_GOODS_CATEGORY_Medical Supplies_mean,0.0
BUREAU_CLOSED_BB_STATUS_5_mean_count,0.0
BUREAU_CLOSED_BB_STATUS_4_mean_max,0.0
BUREAU_CLOSED_AMT_CREDIT_SUM_count,0.0
BUREAU_CLOSED_CNT_CREDIT_PROLONG_max,0.0
BUREAU_CLOSED_CNT_CREDIT_PROLONG_sum,0.0
BUREAU_CLOSED_CNT_CREDIT_PROLONG_count,0.0
PREV_CHANNEL_TYPE_Channel of corporate sales_mean,0.0
PREV_CHANNEL_TYPE_Car dealer_mean,0.0
BUREAU_CLOSED_DAYS_CREDIT_UPDATE_count,0.0
BUREAU_CLOSED_AMT_CREDIT_SUM_OVERDUE_max,0.0
BUREAU_CLOSED_AMT_CREDIT_SUM_OVERDUE_sum,0.0
BUREAU_CLOSED_AMT_CREDIT_SUM_OVERDUE_mean,0.0
BUREAU_CLOSED_AMT_CREDIT_SUM_OVERDUE_count,0.0
BUREAU_CLOSED_AMT_CREDIT_SUM_LIMIT_max,0.0
BUREAU_CLOSED_BB_STATUS_1_mean_count,0.0
BUREAU_ACTIVE_BB_STATUS_5_mean_max,0.0
BUREAU_ACTIVE_BB_STATUS_5_mean_sum,0.0
BUREAU_ACTIVE_BB_STATUS_5_mean_mean,0.0
BUREAU_ACTIVE_BB_STATUS_5_mean_count,0.0
BUREAU_ACTIVE_BB_STATUS_4_mean_max,0.0
BUREAU_ACTIVE_BB_STATUS_4_mean_sum,0.0
BUREAU_ACTIVE_BB_STATUS_4_mean_mean,0.0
PREV_NAME_SELLER_INDUSTRY_Tourism_mean,0.0
PREV_NAME_SELLER_INDUSTRY_MLM partners_mean,0.0
PREV_NAME_SELLER_INDUSTRY_Jewelry_mean,0.0
BUREAU_CLOSED_DAYS_ENDDATE_FACT_count,0.0
BUREAU_CLOSED_CREDIT_DAY_OVERDUE_max,0.0
BUREAU_CLOSED_CREDIT_DAY_OVERDUE_sum,0.0
BUREAU_CLOSED_CREDIT_DAY_OVERDUE_mean,0.0
BUREAU_CLOSED_CREDIT_DAY_OVERDUE_count,0.0
BUREAU_ACTIVE_BB_STATUS_4_mean_count,0.0
BUREAU_ACTIVE_BB_STATUS_3_mean_max,0.0
BUREAU_ACTIVE_BB_STATUS_3_mean_sum,0.0
BUREAU_ACTIVE_BB_STATUS_3_mean_mean,0.0
BUREAU_ACTIVE_BB_STATUS_3_mean_count,0.0
BUREAU_ACTIVE_BB_STATUS_2_mean_max,0.0
BUREAU_ACTIVE_BB_STATUS_2_mean_sum,0.0
BUREAU_ACTIVE_BB_STATUS_2_mean_mean,0.0
BUREAU_ACTIVE_BB_STATUS_2_mean_count,0.0
BUREAU_ACTIVE_BB_STATUS_1_mean_count,0.0
PREV_PRODUCT_COMBINATION_POS others without interest_mean,0.0
BUREAU_ACTIVE_BB_STATUS_X_mean_count,0.0
BUREAU_ACTIVE_BB_STATUS_C_mean_count,0.0
BUREAU_ACTIVE_DAYS_ENDDATE_FACT_max,0.0
BUREAU_ACTIVE_DAYS_ENDDATE_FACT_sum,0.0
BUREAU_ACTIVE_DAYS_ENDDATE_FACT_mean,0.0
PREV_APPROVED_AMT_CREDIT_count,0.0
PREV_APPROVED_AMT_APPLICATION_count,0.0
BUREAU_ACTIVE_DAYS_CREDIT_UPDATE_count,0.0
BUREAU_ACTIVE_AMT_CREDIT_SUM_OVERDUE_max,0.0
BUREAU_ACTIVE_AMT_CREDIT_SUM_OVERDUE_count,0.0
BUREAU_ACTIVE_BB_STATUS_0_mean_count,0.0
BUREAU_ACTIVE_BB_MONTHS_BALANCE_size_count,0.0
BUREAU_ACTIVE_BB_MONTHS_BALANCE_max_count,0.0
BUREAU_ACTIVE_BB_MONTHS_BALANCE_min_count,0.0
BUREAU_CREDIT_TYPE_Unknown type of loan_mean,0.0
BUREAU_CREDIT_TYPE_Real estate loan_mean,0.0
PREV_APPROVED_RATE_INTEREST_PRIMARY_sum,0.0
PREV_APPROVED_RATE_INTEREST_PRIMARY_mean,0.0
PREV_APPROVED_RATE_INTEREST_PRIMARY_count,0.0
PREV_APPROVED_RATE_DOWN_PAYMENT_count,0.0
PREV_APPROVED_NFLAG_LAST_APPL_IN_DAY_max,0.0
PREV_APPROVED_NFLAG_LAST_APPL_IN_DAY_sum,0.0
PREV_APPROVED_NFLAG_LAST_APPL_IN_DAY_mean,0.0
PREV_APPROVED_NFLAG_LAST_APPL_IN_DAY_count,0.0
PREV_APPROVED_HOUR_APPR_PROCESS_START_count,0.0
BUREAU_ACTIVE_AMT_CREDIT_SUM_count,0.0
BUREAU_ACTIVE_CNT_CREDIT_PROLONG_max,0.0
BUREAU_ACTIVE_CNT_CREDIT_PROLONG_sum,0.0
BUREAU_ACTIVE_CNT_CREDIT_PROLONG_count,0.0
PREV_APPROVED_DAYS_FIRST_DUE_count,0.0
PREV_APPROVED_DAYS_FIRST_DRAWING_max,0.0
PREV_APPROVED_DAYS_FIRST_DRAWING_mean,0.0
PREV_APPROVED_DAYS_FIRST_DRAWING_count,0.0
PREV_APPROVED_CNT_PAYMENT_count,0.0
PREV_APPROVED_SELLERPLACE_AREA_count,0.0
PREV_APPROVED_DAYS_DECISION_count,0.0
PREV_APPROVED_RATE_INTEREST_PRIVILEGED_max,0.0
PREV_APPROVED_RATE_INTEREST_PRIVILEGED_sum,0.0
PREV_APPROVED_RATE_INTEREST_PRIVILEGED_mean,0.0
PREV_APPROVED_RATE_INTEREST_PRIVILEGED_count,0.0
PREV_APPROVED_RATE_INTEREST_PRIMARY_max,0.0
BUREAU_ACTIVE_DAYS_ENDDATE_FACT_count,0.0
BUREAU_ACTIVE_CREDIT_DAY_OVERDUE_max,0.0
BUREAU_ACTIVE_CREDIT_DAY_OVERDUE_mean,0.0
BUREAU_BB_STATUS_X_mean_count,0.0
BUREAU_BB_STATUS_C_mean_count,0.0
BUREAU_CREDIT_TYPE_Mobile operator loan_mean,0.0
BUREAU_CREDIT_TYPE_Loan for working capital replenishment_mean,0.0
BUREAU_CREDIT_TYPE_Loan for the purchase of equipment_mean,0.0
BUREAU_CREDIT_TYPE_Loan for purchase of shares (margin lending)_mean,0.0
BUREAU_CREDIT_TYPE_Loan for business development_mean,0.0
BUREAU_CREDIT_TYPE_Interbank credit_mean,0.0
BUREAU_CREDIT_TYPE_Cash loan (non-earmarked)_mean,0.0
BUREAU_CREDIT_TYPE_Another type of loan_mean,0.0
BUREAU_CREDIT_CURRENCY_currency 4_mean,0.0
BUREAU_CREDIT_CURRENCY_currency 3_mean,0.0
BUREAU_CREDIT_CURRENCY_currency 2_mean,0.0
BUREAU_CREDIT_CURRENCY_currency 1_mean,0.0
PREV_APPROVED_DAYS_LAST_DUE_count,0.0
PREV_APPROVED_DAYS_LAST_DUE_1ST_VERSION_count,0.0
BUREAU_BB_STATUS_4_mean_max,0.0
BUREAU_BB_STATUS_4_mean_min,0.0
BUREAU_BB_STATUS_4_mean_sum,0.0
BUREAU_BB_STATUS_4_mean_mean,0.0
BUREAU_BB_STATUS_4_mean_count,0.0
BUREAU_BB_STATUS_3_mean_max,0.0
BUREAU_BB_STATUS_3_mean_min,0.0
BUREAU_BB_STATUS_3_mean_sum,0.0
PREV_APPROVED_NFLAG_INSURED_ON_APPROVAL_max,0.0
PREV_APPROVED_NFLAG_INSURED_ON_APPROVAL_sum,0.0
PREV_APPROVED_NFLAG_INSURED_ON_APPROVAL_mean,0.0
PREV_APPROVED_NFLAG_INSURED_ON_APPROVAL_count,0.0
PREV_APPROVED_DAYS_TERMINATION_count,0.0
BUREAU_CREDIT_ACTIVE_Bad debt_mean,0.0
PREV_REFUSED_NFLAG_LAST_APPL_IN_DAY_max,0.0
PREV_REFUSED_NFLAG_LAST_APPL_IN_DAY_mean,0.0
PREV_REFUSED_NFLAG_LAST_APPL_IN_DAY_count,0.0
PREV_REFUSED_HOUR_APPR_PROCESS_START_count,0.0
PREV_REFUSED_AMT_CREDIT_count,0.0
BUREAU_BB_STATUS_5_mean_min,0.0
BUREAU_BB_STATUS_5_mean_sum,0.0
BUREAU_BB_STATUS_5_mean_count,0.0
BUREAU_BB_STATUS_4_mean_std,0.0
BUREAU_BB_MONTHS_BALANCE_size_count,0.0
BUREAU_BB_MONTHS_BALANCE_max_count,0.0
BUREAU_BB_STATUS_3_mean_count,0.0
BUREAU_BB_STATUS_2_mean_max,0.0
BUREAU_BB_STATUS_2_mean_min,0.0
BUREAU_BB_STATUS_2_mean_sum,0.0
BUREAU_BB_STATUS_2_mean_count,0.0
BUREAU_BB_STATUS_1_mean_count,0.0
PREV_REFUSED_RATE_INTEREST_PRIVILEGED_sum,0.0
PREV_REFUSED_RATE_INTEREST_PRIVILEGED_mean,0.0
PREV_REFUSED_RATE_INTEREST_PRIVILEGED_count,0.0
PREV_REFUSED_RATE_INTEREST_PRIMARY_max,0.0
PREV_REFUSED_RATE_INTEREST_PRIMARY_sum,0.0
PREV_REFUSED_RATE_INTEREST_PRIMARY_mean,0.0
PREV_REFUSED_RATE_INTEREST_PRIMARY_count,0.0
PREV_REFUSED_DAYS_LAST_DUE_1ST_VERSION_sum,0.0
PREV_REFUSED_DAYS_LAST_DUE_1ST_VERSION_mean,0.0
PREV_REFUSED_DAYS_LAST_DUE_1ST_VERSION_count,0.0
PREV_REFUSED_DAYS_FIRST_DUE_max,0.0
PREV_REFUSED_DAYS_FIRST_DUE_sum,0.0
PREV_REFUSED_DAYS_FIRST_DUE_mean,0.0
PREV_REFUSED_DAYS_FIRST_DUE_count,0.0
PREV_REFUSED_DAYS_FIRST_DRAWING_max,0.0
PREV_REFUSED_DAYS_FIRST_DRAWING_sum,0.0
PREV_REFUSED_DAYS_FIRST_DRAWING_mean,0.0
PREV_REFUSED_DAYS_FIRST_DRAWING_count,0.0
PREV_REFUSED_CNT_PAYMENT_count,0.0
PREV_REFUSED_SELLERPLACE_AREA_count,0.0
PREV_REFUSED_DAYS_DECISION_count,0.0
PREV_REFUSED_RATE_INTEREST_PRIVILEGED_max,0.0
BUREAU_BB_STATUS_0_mean_count,0.0
APARTMENTS_AVG_MISSING_FLAG,0.0
EMPLOYED_FLAG,0.0
PREV_COUNT,0.0
PREV_REFUSED_NFLAG_INSURED_ON_APPROVAL_max,0.0
PREV_REFUSED_NFLAG_INSURED_ON_APPROVAL_sum,0.0
PREV_REFUSED_NFLAG_INSURED_ON_APPROVAL_mean,0.0
PREV_REFUSED_NFLAG_INSURED_ON_APPROVAL_count,0.0
PREV_REFUSED_DAYS_TERMINATION_max,0.0
PREV_REFUSED_DAYS_TERMINATION_sum,0.0
PREV_REFUSED_DAYS_TERMINATION_mean,0.0
PREV_REFUSED_DAYS_TERMINATION_count,0.0
PREV_REFUSED_DAYS_LAST_DUE_max,0.0
PREV_REFUSED_DAYS_LAST_DUE_sum,0.0
PREV_REFUSED_DAYS_LAST_DUE_mean,0.0
PREV_REFUSED_DAYS_LAST_DUE_count,0.0
PREV_REFUSED_DAYS_LAST_DUE_1ST_VERSION_max,0.0
BUREAU_ACTIVE_BB_STATUS_1_mean_max_MISSING_FLAG,0.0
BUREAU_ACTIVE_BB_STATUS_0_mean_mean_MISSING_FLAG,0.0
BUREAU_ACTIVE_BB_STATUS_0_mean_max_MISSING_FLAG,0.0
BUREAU_ACTIVE_BB_MONTHS_BALANCE_size_mean_MISSING_FLAG,0.0
BUREAU_ACTIVE_BB_MONTHS_BALANCE_size_max_MISSING_FLAG,0.0
BUREAU_ACTIVE_BB_MONTHS_BALANCE_min_mean_MISSING_FLAG,0.0
BUREAU_ACTIVE_BB_MONTHS_BALANCE_min_max_MISSING_FLAG,0.0
BUREAU_ACTIVE_BB_MONTHS_BALANCE_max_mean_MISSING_FLAG,0.0
BUREAU_ACTIVE_BB_MONTHS_BALANCE_max_max_MISSING_FLAG,0.0
BUREAU_ACTIVE_AMT_CREDIT_MAX_OVERDUE_mean_MISSING_FLAG,0.0
BUREAU_ACTIVE_AMT_ANNUITY_mean_MISSING_FLAG,0.0
FLAG_DOCUMENT_4,0.0
BASEMENTAREA_MODE_MISSING_FLAG,0.0
BASEMENTAREA_MEDI_MISSING_FLAG,0.0
APARTMENTS_MODE_MISSING_FLAG,0.0
APARTMENTS_MEDI_MISSING_FLAG,0.0
BUREAU_AMT_ANNUITY_max_MISSING_FLAG,0.0
BUREAU_ACTIVE_DAYS_ENDDATE_FACT_mean_MISSING_FLAG,0.0
BUREAU_ACTIVE_DAYS_ENDDATE_FACT_max_MISSING_FLAG,0.0
BUREAU_ACTIVE_BB_STATUS_X_mean_mean_MISSING_FLAG,0.0
BUREAU_ACTIVE_BB_STATUS_X_mean_max_MISSING_FLAG,0.0
BUREAU_ACTIVE_BB_STATUS_C_mean_mean_MISSING_FLAG,0.0
BUREAU_ACTIVE_BB_STATUS_C_mean_max_MISSING_FLAG,0.0
BUREAU_ACTIVE_BB_STATUS_5_mean_mean_MISSING_FLAG,0.0
BUREAU_ACTIVE_BB_STATUS_5_mean_max_MISSING_FLAG,0.0
BUREAU_ACTIVE_BB_STATUS_4_mean_mean_MISSING_FLAG,0.0
BUREAU_ACTIVE_BB_STATUS_4_mean_max_MISSING_FLAG,0.0
BUREAU_ACTIVE_BB_STATUS_3_mean_mean_MISSING_FLAG,0.0
BUREAU_ACTIVE_BB_STATUS_3_mean_max_MISSING_FLAG,0.0
BUREAU_ACTIVE_BB_STATUS_2_mean_mean_MISSING_FLAG,0.0
BUREAU_ACTIVE_BB_STATUS_2_mean_max_MISSING_FLAG,0.0
BUREAU_ACTIVE_BB_STATUS_1_mean_mean_MISSING_FLAG,0.0
BUREAU_BB_MONTHS_BALANCE_size_std_MISSING_FLAG,0.0
BUREAU_BB_MONTHS_BALANCE_size_min_MISSING_FLAG,0.0
BUREAU_BB_MONTHS_BALANCE_size_mean_MISSING_FLAG,0.0
BUREAU_BB_MONTHS_BALANCE_size_max_MISSING_FLAG,0.0
BUREAU_BB_MONTHS_BALANCE_min_std_MISSING_FLAG,0.0
BUREAU_BB_MONTHS_BALANCE_min_min_MISSING_FLAG,0.0
BUREAU_BB_MONTHS_BALANCE_min_mean_MISSING_FLAG,0.0
BUREAU_BB_MONTHS_BALANCE_min_max_MISSING_FLAG,0.0
BUREAU_BB_MONTHS_BALANCE_max_std_MISSING_FLAG,0.0
BUREAU_BB_MONTHS_BALANCE_max_min_MISSING_FLAG,0.0
BUREAU_BB_MONTHS_BALANCE_max_mean_MISSING_FLAG,0.0
BUREAU_BB_MONTHS_BALANCE_max_max_MISSING_FLAG,0.0
BUREAU_AMT_CREDIT_MAX_OVERDUE_std_MISSING_FLAG,0.0
BUREAU_AMT_ANNUITY_std_MISSING_FLAG,0.0
BUREAU_AMT_ANNUITY_min_MISSING_FLAG,0.0
BUREAU_AMT_ANNUITY_mean_MISSING_FLAG,0.0
BUREAU_BB_STATUS_3_mean_std_MISSING_FLAG,0.0
BUREAU_BB_STATUS_3_mean_min_MISSING_FLAG,0.0
BUREAU_BB_STATUS_3_mean_mean_MISSING_FLAG,0.0
BUREAU_BB_STATUS_3_mean_max_MISSING_FLAG,0.0
BUREAU_BB_STATUS_2_mean_std_MISSING_FLAG,0.0
BUREAU_BB_STATUS_2_mean_min_MISSING_FLAG,0.0
BUREAU_BB_STATUS_2_mean_mean_MISSING_FLAG,0.0
BUREAU_BB_STATUS_2_mean_max_MISSING_FLAG,0.0
BUREAU_BB_STATUS_1_mean_std_MISSING_FLAG,0.0
BUREAU_BB_STATUS_1_mean_min_MISSING_FLAG,0.0
BUREAU_BB_STATUS_1_mean_mean_MISSING_FLAG,0.0
BUREAU_BB_STATUS_1_mean_max_MISSING_FLAG,0.0
BUREAU_BB_STATUS_0_mean_std_MISSING_FLAG,0.0
BUREAU_BB_STATUS_0_mean_min_MISSING_FLAG,0.0
BUREAU_BB_STATUS_0_mean_mean_MISSING_FLAG,0.0
BUREAU_BB_STATUS_0_mean_max_MISSING_FLAG,0.0
BUREAU_BB_STATUS_5_mean_std_MISSING_FLAG,0.0
BUREAU_BB_STATUS_5_mean_min_MISSING_FLAG,0.0
BUREAU_DAYS_CREDIT_UPDATE_count,0.0
HOUSETYPE_MODE_terraced house,0.0
BUREAU_AMT_CREDIT_SUM_OVERDUE_max,0.0
BUREAU_AMT_CREDIT_SUM_OVERDUE_min,0.0
BUREAU_AMT_CREDIT_SUM_OVERDUE_sum,0.0
EMERGENCYSTATE_MODE_Yes,0.0
BUREAU_AMT_CREDIT_SUM_OVERDUE_count,0.0
BUREAU_AMT_CREDIT_SUM_LIMIT_min,0.0
BUREAU_BB_STATUS_5_mean_mean_MISSING_FLAG,0.0
BUREAU_BB_STATUS_5_mean_max_MISSING_FLAG,0.0
BUREAU_BB_STATUS_4_mean_std_MISSING_FLAG,0.0
BUREAU_BB_STATUS_4_mean_min_MISSING_FLAG,0.0
BUREAU_BB_STATUS_4_mean_mean_MISSING_FLAG,0.0
BUREAU_BB_STATUS_4_mean_max_MISSING_FLAG,0.0
BUREAU_CLOSED_BB_MONTHS_BALANCE_size_max_MISSING_FLAG,0.0
BUREAU_CLOSED_BB_MONTHS_BALANCE_min_mean_MISSING_FLAG,0.0
BUREAU_CLOSED_BB_MONTHS_BALANCE_min_max_MISSING_FLAG,0.0
BUREAU_CLOSED_BB_MONTHS_BALANCE_max_mean_MISSING_FLAG,0.0
BUREAU_CLOSED_BB_MONTHS_BALANCE_max_max_MISSING_FLAG,0.0
BUREAU_CLOSED_AMT_CREDIT_MAX_OVERDUE_mean_MISSING_FLAG,0.0
BUREAU_CLOSED_AMT_ANNUITY_mean_MISSING_FLAG,0.0
BUREAU_CLOSED_AMT_ANNUITY_max_MISSING_FLAG,0.0
BUREAU_BB_STATUS_X_mean_std_MISSING_FLAG,0.0
BUREAU_BB_STATUS_X_mean_min_MISSING_FLAG,0.0
BUREAU_BB_STATUS_X_mean_mean_MISSING_FLAG,0.0
BUREAU_BB_STATUS_X_mean_max_MISSING_FLAG,0.0
BUREAU_BB_STATUS_C_mean_std_MISSING_FLAG,0.0
BUREAU_BB_STATUS_C_mean_min_MISSING_FLAG,0.0
BUREAU_BB_STATUS_C_mean_mean_MISSING_FLAG,0.0
BUREAU_BB_STATUS_C_mean_max_MISSING_FLAG,0.0
BUREAU_CLOSED_BB_STATUS_X_mean_max_MISSING_FLAG,0.0
BUREAU_CLOSED_BB_STATUS_C_mean_mean_MISSING_FLAG,0.0
BUREAU_CLOSED_BB_STATUS_C_mean_max_MISSING_FLAG,0.0
BUREAU_CLOSED_BB_STATUS_5_mean_mean_MISSING_FLAG,0.0
BUREAU_CLOSED_BB_STATUS_5_mean_max_MISSING_FLAG,0.0
BUREAU_CLOSED_BB_STATUS_4_mean_mean_MISSING_FLAG,0.0
BUREAU_CLOSED_BB_STATUS_4_mean_max_MISSING_FLAG,0.0
BUREAU_CLOSED_BB_STATUS_3_mean_mean_MISSING_FLAG,0.0
BUREAU_CLOSED_BB_STATUS_3_mean_max_MISSING_FLAG,0.0
BUREAU_CLOSED_BB_STATUS_2_mean_mean_MISSING_FLAG,0.0
BUREAU_CLOSED_BB_STATUS_2_mean_max_MISSING_FLAG,0.0
BUREAU_CLOSED_BB_STATUS_1_mean_mean_MISSING_FLAG,0.0
BUREAU_CLOSED_BB_STATUS_1_mean_max_MISSING_FLAG,0.0
BUREAU_CLOSED_BB_STATUS_0_mean_mean_MISSING_FLAG,0.0
BUREAU_CLOSED_BB_STATUS_0_mean_max_MISSING_FLAG,0.0
BUREAU_CLOSED_BB_MONTHS_BALANCE_size_mean_MISSING_FLAG,0.0
FLOORSMIN_MODE_MISSING_FLAG,0.0
FLOORSMIN_MEDI_MISSING_FLAG,0.0
BUREAU_AMT_CREDIT_SUM_count,0.0
FLAG_MOBIL,0.0
BUREAU_CNT_CREDIT_PROLONG_max,0.0
BUREAU_CNT_CREDIT_PROLONG_min,0.0
FLAG_CONT_MOBILE,0.0
BUREAU_CNT_CREDIT_PROLONG_count,0.0
PREV_FLAG_LAST_APPL_PER_CONTRACT_N_mean,0.0
ENTRANCES_MODE_MISSING_FLAG,0.0
ENTRANCES_MEDI_MISSING_FLAG,0.0
ELEVATORS_MODE_MISSING_FLAG,0.0
ELEVATORS_MEDI_MISSING_FLAG,0.0
COMMONAREA_MODE_MISSING_FLAG,0.0
COMMONAREA_MEDI_MISSING_FLAG,0.0
BUREAU_CLOSED_BB_STATUS_X_mean_mean_MISSING_FLAG,0.0
NONLIVINGAREA_MODE_MISSING_FLAG,0.0
NONLIVINGAREA_MEDI_MISSING_FLAG,0.0
FLAG_DOCUMENT_2,0.0
NONLIVINGAPARTMENTS_MODE_MISSING_FLAG,0.0
NONLIVINGAPARTMENTS_MEDI_MISSING_FLAG,0.0
NONLIVINGAPARTMENTS_AVG_MISSING_FLAG,0.0
LIVINGAREA_MODE_MISSING_FLAG,0.0
LIVINGAREA_MEDI_MISSING_FLAG,0.0
AMT_REQ_CREDIT_BUREAU_DAY,0.0
AMT_REQ_CREDIT_BUREAU_HOUR,0.0
LIVINGAPARTMENTS_MEDI_MISSING_FLAG,0.0
LIVINGAPARTMENTS_AVG_MISSING_FLAG,0.0
LANDAREA_MODE_MISSING_FLAG,0.0
FLAG_DOCUMENT_21,0.0
HOUSETYPE_MODE_MISSING_FLAG,0.0
FONDKAPREMONT_MODE_MISSING_FLAG,0.0
PREV_REFUSED_AMT_ANNUITY_sum_MISSING_FLAG,0.0
PREV_REFUSED_AMT_ANNUITY_mean_MISSING_FLAG,0.0
FLAG_DOCUMENT_20,0.0
FLAG_DOCUMENT_19,0.0
PREV_RATE_INTEREST_PRIVILEGED_std_MISSING_FLAG,0.0
PREV_RATE_INTEREST_PRIVILEGED_min_MISSING_FLAG,0.0
PREV_RATE_INTEREST_PRIVILEGED_mean_MISSING_FLAG,0.0
PREV_RATE_INTEREST_PRIVILEGED_max_MISSING_FLAG,0.0
PREV_RATE_INTEREST_PRIMARY_std_MISSING_FLAG,0.0
PREV_RATE_INTEREST_PRIMARY_min_MISSING_FLAG,0.0
PREV_RATE_INTEREST_PRIMARY_mean_MISSING_FLAG,0.0
PREV_RATE_INTEREST_PRIMARY_max_MISSING_FLAG,0.0
PREV_APPROVED_RATE_INTEREST_PRIVILEGED_mean_MISSING_FLAG,0.0
PREV_APPROVED_RATE_INTEREST_PRIVILEGED_max_MISSING_FLAG,0.0
PREV_APPROVED_RATE_INTEREST_PRIMARY_mean_MISSING_FLAG,0.0
PREV_APPROVED_RATE_INTEREST_PRIMARY_max_MISSING_FLAG,0.0
PREV_REFUSED_AMT_GOODS_PRICE_sum_MISSING_FLAG,0.0
PREV_REFUSED_AMT_GOODS_PRICE_mean_MISSING_FLAG,0.0
PREV_REFUSED_AMT_GOODS_PRICE_max_MISSING_FLAG,0.0
PREV_REFUSED_AMT_GOODS_PRICE_count_MISSING_FLAG,0.0
PREV_REFUSED_AMT_DOWN_PAYMENT_sum_MISSING_FLAG,0.0
PREV_REFUSED_AMT_DOWN_PAYMENT_mean_MISSING_FLAG,0.0
PREV_REFUSED_AMT_DOWN_PAYMENT_max_MISSING_FLAG,0.0
PREV_REFUSED_AMT_DOWN_PAYMENT_count_MISSING_FLAG,0.0
PREV_REFUSED_AMT_CREDIT_sum_MISSING_FLAG,0.0
PREV_REFUSED_AMT_CREDIT_mean_MISSING_FLAG,0.0
PREV_REFUSED_AMT_CREDIT_max_MISSING_FLAG,0.0
PREV_REFUSED_AMT_CREDIT_count_MISSING_FLAG,0.0
PREV_REFUSED_AMT_APPLICATION_sum_MISSING_FLAG,0.0
PREV_REFUSED_AMT_APPLICATION_mean_MISSING_FLAG,0.0
PREV_REFUSED_AMT_APPLICATION_max_MISSING_FLAG,0.0
PREV_REFUSED_AMT_APPLICATION_count_MISSING_FLAG,0.0
PREV_REFUSED_DAYS_FIRST_DUE_sum_MISSING_FLAG,0.0
PREV_REFUSED_DAYS_FIRST_DUE_mean_MISSING_FLAG,0.0
PREV_REFUSED_DAYS_FIRST_DUE_max_MISSING_FLAG,0.0
PREV_REFUSED_DAYS_FIRST_DUE_count_MISSING_FLAG,0.0
PREV_REFUSED_DAYS_FIRST_DRAWING_sum_MISSING_FLAG,0.0
PREV_REFUSED_DAYS_FIRST_DRAWING_mean_MISSING_FLAG,0.0
PREV_REFUSED_DAYS_FIRST_DRAWING_max_MISSING_FLAG,0.0
PREV_REFUSED_DAYS_FIRST_DRAWING_count_MISSING_FLAG,0.0
PREV_REFUSED_DAYS_DECISION_sum_MISSING_FLAG,0.0
PREV_REFUSED_DAYS_DECISION_mean_MISSING_FLAG,0.0
PREV_REFUSED_DAYS_DECISION_max_MISSING_FLAG,0.0
PREV_REFUSED_DAYS_DECISION_count_MISSING_FLAG,0.0
PREV_REFUSED_CNT_PAYMENT_sum_MISSING_FLAG,0.0
PREV_REFUSED_CNT_PAYMENT_mean_MISSING_FLAG,0.0
PREV_REFUSED_CNT_PAYMENT_max_MISSING_FLAG,0.0
PREV_REFUSED_CNT_PAYMENT_count_MISSING_FLAG,0.0
PREV_REFUSED_HOUR_APPR_PROCESS_START_sum_MISSING_FLAG,0.0
PREV_REFUSED_HOUR_APPR_PROCESS_START_mean_MISSING_FLAG,0.0
PREV_REFUSED_HOUR_APPR_PROCESS_START_max_MISSING_FLAG,0.0
PREV_REFUSED_HOUR_APPR_PROCESS_START_count_MISSING_FLAG,0.0
PREV_REFUSED_DAYS_TERMINATION_sum_MISSING_FLAG,0.0
PREV_REFUSED_DAYS_TERMINATION_mean_MISSING_FLAG,0.0
PREV_REFUSED_DAYS_TERMINATION_max_MISSING_FLAG,0.0
PREV_REFUSED_DAYS_TERMINATION_count_MISSING_FLAG,0.0
PREV_REFUSED_DAYS_LAST_DUE_sum_MISSING_FLAG,0.0
PREV_REFUSED_DAYS_LAST_DUE_mean_MISSING_FLAG,0.0
PREV_REFUSED_DAYS_LAST_DUE_max_MISSING_FLAG,0.0
PREV_REFUSED_DAYS_LAST_DUE_count_MISSING_FLAG,0.0
PREV_REFUSED_DAYS_LAST_DUE_1ST_VERSION_sum_MISSING_FLAG,0.0
PREV_REFUSED_DAYS_LAST_DUE_1ST_VERSION_mean_MISSING_FLAG,0.0
PREV_REFUSED_DAYS_LAST_DUE_1ST_VERSION_max_MISSING_FLAG,0.0
PREV_REFUSED_DAYS_LAST_DUE_1ST_VERSION_count_MISSING_FLAG,0.0
PREV_REFUSED_RATE_INTEREST_PRIMARY_sum_MISSING_FLAG,0.0
PREV_REFUSED_RATE_INTEREST_PRIMARY_mean_MISSING_FLAG,0.0
PREV_REFUSED_RATE_INTEREST_PRIMARY_max_MISSING_FLAG,0.0
PREV_REFUSED_RATE_INTEREST_PRIMARY_count_MISSING_FLAG,0.0
LIVINGAPARTMENTS_MODE_MISSING_FLAG,0.0
PREV_REFUSED_RATE_DOWN_PAYMENT_mean_MISSING_FLAG,0.0
PREV_REFUSED_RATE_DOWN_PAYMENT_max_MISSING_FLAG,0.0
PREV_REFUSED_RATE_DOWN_PAYMENT_count_MISSING_FLAG,0.0
PREV_REFUSED_NFLAG_LAST_APPL_IN_DAY_sum_MISSING_FLAG,0.0
PREV_REFUSED_NFLAG_LAST_APPL_IN_DAY_mean_MISSING_FLAG,0.0
PREV_REFUSED_NFLAG_LAST_APPL_IN_DAY_max_MISSING_FLAG,0.0
PREV_REFUSED_NFLAG_LAST_APPL_IN_DAY_count_MISSING_FLAG,0.0
PREV_REFUSED_NFLAG_INSURED_ON_APPROVAL_sum_MISSING_FLAG,0.0
PREV_REFUSED_NFLAG_INSURED_ON_APPROVAL_mean_MISSING_FLAG,0.0
PREV_REFUSED_NFLAG_INSURED_ON_APPROVAL_max_MISSING_FLAG,0.0
PREV_REFUSED_NFLAG_INSURED_ON_APPROVAL_count_MISSING_FLAG,0.0
BUREAU_CREDIT_DAY_OVERDUE_std,0.0
BUREAU_CREDIT_DAY_OVERDUE_max,0.0
BUREAU_CREDIT_DAY_OVERDUE_min,0.0
BUREAU_CREDIT_DAY_OVERDUE_sum,0.0
BUREAU_CREDIT_DAY_OVERDUE_mean,0.0
FLAG_DOCUMENT_18,0.0
YEARS_BUILD_MEDI_MISSING_FLAG,0.0
WALLSMATERIAL_MODE_MISSING_FLAG,0.0
PREV_REFUSED_SELLERPLACE_AREA_sum_MISSING_FLAG,0.0
PREV_REFUSED_SELLERPLACE_AREA_mean_MISSING_FLAG,0.0
PREV_REFUSED_SELLERPLACE_AREA_max_MISSING_FLAG,0.0
PREV_REFUSED_SELLERPLACE_AREA_count_MISSING_FLAG,0.0
PREV_REFUSED_RATE_INTEREST_PRIVILEGED_sum_MISSING_FLAG,0.0
PREV_REFUSED_RATE_INTEREST_PRIVILEGED_mean_MISSING_FLAG,0.0
PREV_REFUSED_RATE_INTEREST_PRIVILEGED_max_MISSING_FLAG,0.0
PREV_REFUSED_RATE_INTEREST_PRIVILEGED_count_MISSING_FLAG,0.0
FLAG_DOCUMENT_17,0.0
NAME_INCOME_TYPE_Unemployed,0.0
NAME_INCOME_TYPE_Student,0.0
NAME_INCOME_TYPE_Pensioner,0.0
NAME_INCOME_TYPE_Maternity leave,0.0
FLAG_DOCUMENT_15,0.0
NAME_INCOME_TYPE_Businessman,0.0
FLAG_DOCUMENT_14,0.0
FLAG_DOCUMENT_13,0.0
NAME_TYPE_SUITE_Other_A,0.0
NAME_TYPE_SUITE_Group of people,0.0
NAME_TYPE_SUITE_Children,0.0
FLAG_OWN_REALTY_Y,0.0
FLAG_DOCUMENT_12,0.0
CODE_GENDER_XNA,0.0
NAME_CONTRACT_TYPE_Revolving loans,0.0
FLAG_DOCUMENT_11,0.0
PREV_NAME_CASH_LOAN_PURPOSE_Medicine_mean,0.0
PREV_NAME_CASH_LOAN_PURPOSE_Journey_mean,0.0
PREV_NAME_CASH_LOAN_PURPOSE_Hobby_mean,0.0
PREV_NAME_CASH_LOAN_PURPOSE_Gasification / water supply_mean,0.0
PREV_NAME_CASH_LOAN_PURPOSE_Furniture_mean,0.0
NAME_FAMILY_STATUS_Unknown,0.0
PREV_NAME_CASH_LOAN_PURPOSE_Everyday expenses_mean,0.0
PREV_NAME_CASH_LOAN_PURPOSE_Education_mean,0.0
PREV_NAME_CASH_LOAN_PURPOSE_Car repairs_mean,0.0
PREV_NAME_CASH_LOAN_PURPOSE_Buying a used car_mean,0.0
PREV_NAME_CASH_LOAN_PURPOSE_Buying a new car_mean,0.0
PREV_NAME_CASH_LOAN_PURPOSE_Buying a home_mean,0.0
FLAG_DOCUMENT_9,0.0
FLAG_DOCUMENT_7,0.0
FLAG_DOCUMENT_10,0.0
PREV_NAME_CASH_LOAN_PURPOSE_Buying a holiday home / land_mean,0.0
PREV_NAME_CONTRACT_TYPE_XNA_mean,0.0
PREV_DAYS_FIRST_DRAWING_max,0.0
PREV_CNT_PAYMENT_count,0.0
PREV_NFLAG_INSURED_ON_APPROVAL_max,0.0
PREV_NFLAG_INSURED_ON_APPROVAL_min,0.0
PREV_NFLAG_INSURED_ON_APPROVAL_count,0.0
PREV_DAYS_TERMINATION_count,0.0
PREV_DAYS_LAST_DUE_count,0.0
PREV_DAYS_LAST_DUE_1ST_VERSION_count,0.0
PREV_DAYS_FIRST_DUE_count,0.0
WALLSMATERIAL_MODE_Others,0.0
WALLSMATERIAL_MODE_Monolithic,0.0
WALLSMATERIAL_MODE_Mixed,0.0
PREV_NAME_CASH_LOAN_PURPOSE_Buying a garage_mean,0.0
PREV_REFUSED_RATE_DOWN_PAYMENT_sum_MISSING_FLAG,0.0
